p_val	avg_logFC	pct.1	pct.2	p_val_adj
Hdc	2.65945627906461e-139	2.8780225770794	0.344	0.015	3.56659681585355e-135
S100a9	1.24016558370784e-135	3.67433186776036	0.457	0.037	1.66318606431059e-131
Irg1	1.05882519403177e-131	2.72002369365822	0.303	0.011	1.41999046771601e-127
Fpr2	7.69927088635027e-113	2.33429326794147	0.299	0.015	1.03254921856843e-108
Rplp1	2.19098403660735e-93	-1.68853958169989	0.294	0.97	2.93832869149412e-89
Ccl3	1.16800471106416e-92	4.03332140359908	0.557	0.11	1.56641111800815e-88
Rpl13a	2.17365627603225e-92	-1.72893950187502	0.253	0.958	2.91509043178685e-88
Csf3r	5.87139606644414e-88	2.13242186437307	0.271	0.018	7.87412926470824e-84
Rps5	1.03267415789695e-87	-1.59372046992144	0.244	0.952	1.3849193131556e-83
Rpl32	3.68375309175067e-83	-1.57919631216284	0.208	0.937	4.94028127134682e-79
Clec4d	5.37068448303984e-83	2.99086531739635	0.48	0.088	7.20262496020473e-79
Rps20	6.94050338230608e-82	-1.63946614166776	0.181	0.918	9.30790908601069e-78
Rplp0	6.69940083024103e-81	-1.69341799959735	0.167	0.896	8.98456645343625e-77
Eef1a1	5.201815561643e-80	-1.24550688805197	0.425	0.969	6.97615484971942e-76
Rps12	1.24510379071017e-78	-1.45749386581872	0.376	0.972	1.66980869372141e-74
Rps14	1.52597177890222e-75	-1.32700115920948	0.281	0.952	2.04648075268576e-71
Rpl41	2.39100198087732e-75	-1.41408856418665	0.249	0.937	3.20657275655457e-71
Clec4e	1.28765640575175e-74	2.96388461073375	0.462	0.089	1.72687600575368e-70
Rps21	6.24407044312319e-73	-1.35680347262192	0.249	0.932	8.3739228712725e-69
Gnb2l1	1.93426969787673e-72	-1.33752020455276	0.317	0.928	2.59404909182249e-68
Rpl13	7.6939594972414e-72	-1.46401580116619	0.154	0.859	1.03183690817504e-67
Rpl9	1.22631296147242e-71	-1.38481069136102	0.195	0.891	1.64460831263066e-67
Rpl23	2.9275073353268e-71	-1.33552221771472	0.163	0.872	3.92608008740677e-67
Rps24	5.88815486742604e-71	-1.44000701554254	0.222	0.911	7.89660449270507e-67
Rps15	7.89004704357198e-70	-1.36393694420263	0.294	0.935	1.05813420901344e-65
Rpl12	2.13929963789822e-69	-1.27465608062277	0.226	0.897	2.8690147443853e-65
Rps26	5.3052769401172e-68	-1.35407309046633	0.285	0.929	7.11490690439118e-64
Rpl31	8.2765365351017e-67	-1.19861602352505	0.163	0.873	1.10996631472249e-62
Rps8	9.63807459557932e-67	-1.29294170479484	0.231	0.889	1.29256218401314e-62
Rpl21	1.7305837546881e-66	-1.49497350129555	0.136	0.82	2.32088587341221e-62
Rpl4	1.76700096187993e-66	-1.36043470500465	0.262	0.893	2.36972498997717e-62
Rpl18a	2.1055712857055e-66	-1.28564434668947	0.267	0.922	2.82378165125965e-62
Rps19	2.18295203889858e-66	-1.16374509819681	0.235	0.919	2.92755697936689e-62
S100a8	7.82914929530663e-66	3.50914260198466	0.362	0.058	1.04996721199357e-61
Rpl28	1.47268956221291e-65	-1.24795935154862	0.199	0.866	1.97502397188374e-61
Rpsa	2.81001628509758e-65	-1.24094842626136	0.24	0.899	3.76851283994436e-61
Rps4x	7.25838963224126e-65	-1.48899270750824	0.086	0.761	9.73422633579875e-61
Rplp2	2.76726004481901e-64	-1.20706847383653	0.33	0.942	3.71117244610677e-60
Rps3	3.01064963532787e-64	-1.11499607781715	0.407	0.96	4.0375822259382e-60
Gnas	5.29498911390195e-64	-1.37303488121213	0.213	0.854	7.1011099006539e-60
Rps18	6.86172967311527e-64	-1.43103791900313	0.122	0.798	9.20226566461489e-60
Ccl4	1.18869171894605e-63	3.40334290408556	0.398	0.073	1.59415446427855e-59
Rps27a	4.60350885656225e-63	-1.34210108208592	0.149	0.832	6.17376572753563e-59
Rpl7	1.58715329666364e-62	-1.35792147284355	0.145	0.808	2.12853128615561e-58
Ccrl2	3.46600212683698e-62	2.93851578864652	0.475	0.117	4.64825545230107e-58
Rps10	4.46228725420505e-62	-1.12675009816414	0.176	0.874	5.98437343661439e-58
Nlrp3	7.13001999340269e-62	2.73102700559531	0.493	0.129	9.56206981315235e-58
Rps9	4.07178021215645e-61	-1.16437673969391	0.394	0.955	5.46066444252301e-57
Uba52	4.19920210971061e-61	-1.35120166075745	0.176	0.844	5.6315499493329e-57
Rpl7a	6.00370243096758e-61	-1.24017102384063	0.199	0.86	8.05156533017063e-57
Rps16	1.40796193042467e-60	-1.21094818585931	0.176	0.847	1.88821774489252e-56
Il1b	1.84895024878171e-60	2.46588994269699	0.624	0.219	2.47962717864115e-56
Rpl19	2.376210956667e-60	-1.19077790641104	0.186	0.839	3.18673651398611e-56
Rps11	5.3731894273831e-60	-1.29880425531182	0.172	0.833	7.20598434106348e-56
Tpt1	5.42968012388e-59	-1.05540143789765	0.439	0.945	7.28174401413547e-55
Rpl14	5.49712705784493e-59	-1.19285349250541	0.163	0.833	7.37219709727583e-55
Rps29	1.21381019748724e-58	-1.06333969675366	0.186	0.86	1.62784085585014e-54
Rpl11	3.439018912947e-58	-1.19152071195346	0.217	0.882	4.61206826415322e-54
Eef1b2	2.52316689755154e-57	-1.25613043823915	0.213	0.844	3.38381912630637e-53
Hsp90ab1	9.56821929868881e-57	-1.04122375343808	0.357	0.933	1.28319389014716e-52
Rps23	1.12726061011184e-56	-1.2215318876117	0.163	0.805	1.51176920422099e-52
Rps3a1	4.43861678093624e-56	-1.1136018187685	0.181	0.841	5.95262896491359e-52
Rpl18	5.61278652897994e-56	-1.08826547199847	0.186	0.844	7.527308014015e-52
Rpl22	7.71478507600507e-56	-1.24692979822208	0.104	0.751	1.03462982654304e-51
Rpl36a	1.34939238048115e-55	-1.44525947502562	0.05	0.652	1.80967012146327e-51
Ppib	1.49514923482809e-55	-1.25033708568757	0.136	0.773	2.00514463882796e-51
Rpl8	1.53881247227689e-55	-1.0433850354308	0.308	0.915	2.06370140657053e-51
Rpl23a	4.51598178602079e-55	-1.04404141092374	0.199	0.871	6.05638317323248e-51
Rps2	9.31542228583353e-55	-1.04276277860227	0.24	0.868	1.24929128275313e-50
Rps15a	3.55854104524801e-54	-1.00177402734258	0.14	0.794	4.7723593957821e-50
Rps7	3.63065995421122e-54	-1.08943819052575	0.118	0.768	4.86907806459267e-50
Rpl37a	5.68122525799505e-54	-0.938607143049385	0.118	0.758	7.61909119349716e-50
Rpl3	4.14976786590963e-53	-1.18557181197272	0.163	0.79	5.56525368497141e-49
Rpl37	4.24914039042825e-53	-1.04161683002339	0.222	0.857	5.69852217760333e-49
Rpl36	4.04385491305552e-52	-0.987951777488226	0.19	0.838	5.42321382389875e-48
Eif3f	5.42657613592245e-52	-1.25893959150942	0.09	0.698	7.27758125588559e-48
Nme2	6.44843152753438e-52	-1.32395885923446	0.095	0.699	8.64799152157636e-48
Rpl5	7.79843850286393e-52	-1.17936261145892	0.1	0.707	1.04584858761908e-47
Rpl10	2.30082707976085e-51	-1.20347301670662	0.131	0.748	3.08563919666728e-47
Rps6	4.59827828026701e-51	-1.31113501847058	0.054	0.651	6.16675100166609e-47
Rps13	7.51286484060999e-51	-0.987075528917907	0.19	0.827	1.00755030377421e-46
Ly6e	5.80852212851831e-50	-1.29417885800609	0.267	0.836	7.7898090265559e-46
Eef2	1.04603308154745e-49	-0.954293626883961	0.344	0.921	1.40283496566329e-45
Rpl17	2.4204960978121e-49	-0.898768795347104	0.217	0.862	3.2461273167758e-45
Lilrb4a	3.32622248160814e-49	2.1120524310935	0.579	0.231	4.46079697008468e-45
Rps17	7.69013492063348e-49	-0.934218401587218	0.222	0.842	1.03132399420616e-44
Rpl6	1.33813710116164e-48	-1.12182075493022	0.145	0.744	1.79457566636788e-44
Itm2b	4.67043451793273e-48	-0.995232905948419	0.24	0.868	6.26351973199958e-44
Rpl39	1.09605911099887e-47	-0.889326649562868	0.072	0.66	1.46992487376059e-43
Akr1a1	1.50801314224891e-47	-1.09928352266727	0.113	0.708	2.02239642507001e-43
Naca	2.54181213143834e-47	-1.06948891819699	0.104	0.705	3.40882424947196e-43
Rps25	1.66030266013449e-46	-0.957854773407682	0.131	0.735	2.22663189750636e-42
Rpl27a	5.52045571735196e-46	-0.972452991431969	0.095	0.676	7.40348316254072e-42
Cox4i1	7.68987247102845e-46	-0.832014511653682	0.195	0.809	1.03128879708963e-41
Tagln2	1.45090922042374e-45	-1.02776881403677	0.244	0.83	1.94581435551028e-41
S100a10	5.60563468881042e-45	-1.20985185932919	0.199	0.756	7.51771668116365e-41
Mt1	8.69842208688905e-45	-1.20887024981761	0.204	0.763	1.16654538607269e-40
Lilr4b	1.45155206726996e-44	1.9677550188364	0.557	0.215	1.94667647741574e-40
Srgn	4.27614424977601e-44	2.63412535518929	0.643	0.347	5.73473705337461e-40
Crip1	6.35426073648064e-44	-1.41049450011174	0.172	0.714	8.52169907369418e-40
Anxa5	6.67983688854495e-44	-0.943758114579156	0.231	0.791	8.95832925122763e-40
Rps28	3.29059156374394e-43	-0.933573115185581	0.063	0.607	4.413012346137e-39
Lgals1	1.03940206695812e-42	-1.56736644725938	0.204	0.718	1.39394211199753e-38
Rpl24	1.72768721355144e-42	-0.923910205985469	0.072	0.616	2.31700132209383e-38
Cd81	1.79097592255751e-42	-1.08139813102057	0.176	0.731	2.40187780974188e-38
Npc2	2.8248801782432e-42	-1.03934608561012	0.181	0.75	3.78844680704196e-38
Npm1	3.40831115591107e-42	-0.916028523199415	0.131	0.708	4.57088609119233e-38
Cox6a1	6.60387410362597e-42	-0.879886811967024	0.181	0.748	8.85645556037279e-38
Cxcl2	3.63107931710319e-41	2.72012045225762	0.787	0.585	4.86964047216709e-37
Tmsb10	8.07432599760416e-41	-1.13124822607554	0.086	0.619	1.08284785953869e-36
Atp5b	1.33760465286202e-40	-0.876410269686748	0.213	0.771	1.79386159995326e-36
Nfkbia	2.27442067515198e-40	1.62624789286488	0.869	0.814	3.05022556744632e-36
Sep15	5.81992701852428e-40	-0.836457519739571	0.127	0.673	7.80510412454291e-36
Plek	1.85019795471315e-39	1.84791566731666	0.511	0.198	2.4813004770658e-35
Atp5g3	2.13431411223191e-39	-0.926536151032864	0.127	0.656	2.86232865591421e-35
Rpl27	2.16119616111167e-39	-0.994027379192044	0.09	0.612	2.89838017166686e-35
Trem1	2.34229195939902e-39	2.15963539875954	0.29	0.062	3.14124774675002e-35
Calr	3.23866445764278e-39	-0.764921811262798	0.253	0.835	4.34337290414474e-35
Rps27l	5.15964813801808e-39	-0.875263801567523	0.09	0.616	6.91960411789605e-35
G0s2	7.46107296212774e-39	2.32256755872868	0.276	0.056	1.00060449495095e-34
Il1r2	1.5223069433652e-38	2.1722472390372	0.398	0.12	2.04156584174706e-34
Il1rn	1.40534804875293e-37	2.09949805581391	0.566	0.261	1.88471226818255e-33
Laptm4a	1.79319238437091e-37	-0.914101924605625	0.204	0.725	2.40485030667983e-33
Eif3h	2.9157320022693e-37	-0.871062538077144	0.086	0.597	3.91028818824336e-33
Cd14	5.68923210574784e-37	2.10186358159707	0.629	0.357	7.62982917701843e-33
Ppp1ca	5.81801423727671e-37	-0.658123481121363	0.122	0.653	7.80253889361179e-33
Rpl14.ps1	5.9899262213445e-37	-0.993663420376814	0.086	0.595	8.0330900554451e-33
Tnfrsf12a	7.43770791705947e-37	-1.08944376637742	0.19	0.692	9.97471008756846e-33
Prdx1	2.52544335705848e-36	-0.668531244685184	0.195	0.739	3.38687208615113e-32
Atp5d	3.50629535652653e-36	-0.862813554891285	0.172	0.681	4.70229270263773e-32
Arf4	3.75981865279076e-36	-0.771795214768668	0.19	0.731	5.04229279525768e-32
Psmb1	5.44040791568205e-36	-0.927234313325733	0.1	0.601	7.2961310557212e-32
Chchd2	5.81453643071204e-36	-0.68387672317397	0.217	0.761	7.79787480722792e-32
Ssr4	5.88792621531583e-36	-0.72730683560207	0.109	0.618	7.89629784736006e-32
Rpl35	7.14963447306247e-36	-1.05697910722589	0.032	0.498	9.58837479182408e-32
Hnrnpab	3.31847425639899e-35	-0.665593009251479	0.226	0.774	4.45040582525669e-31
Ybx1	7.40809038156858e-35	-0.811392552143426	0.172	0.701	9.93499001072162e-31
Fcer1g	8.30781095974962e-35	2.06791337489135	0.475	0.188	1.11416052781202e-30
Gpx1	1.27542043016712e-34	-0.668767812380263	0.231	0.771	1.71046633889712e-30
Sec61b	1.44375695239673e-34	-0.925178024451297	0.077	0.551	1.93622244885925e-30
Emp1	1.52127431261133e-34	-0.891301163543376	0.299	0.784	2.04018098064306e-30
Mt2	2.30614012110778e-34	-1.52240408314304	0.109	0.578	3.09276451641765e-30
Mfge8	2.65585494246008e-34	-1.22656774928197	0.176	0.655	3.56176706333321e-30
Tmed9	3.07005056465526e-34	-0.767473714199653	0.118	0.615	4.11724481225917e-30
Rpl37rt	4.16959952020452e-34	-0.724417315392319	0.136	0.656	5.59184991654629e-30
Uqcrh	6.72952270021619e-34	-0.629532179724976	0.113	0.622	9.02496289325993e-30
Il1a	1.09012645365868e-33	2.49895427314994	0.376	0.12	1.46196858700165e-29
Tmem176b	1.45030225760192e-33	-0.935954622965239	0.1	0.572	1.94500035766994e-29
Pmepa1	3.81449521413169e-33	-0.680844248800697	0.312	0.831	5.11561953167201e-29
Cox8a	3.96732385684294e-33	-0.5136880721357	0.149	0.669	5.32057802441206e-29
Eef1g	1.02848964442417e-32	-0.82828374303936	0.104	0.591	1.37930746213725e-28
Rpl38	1.23306088246306e-32	-0.4030669199715	0.118	0.624	1.65365794947121e-28
Rpl22l1	1.26364893070563e-32	-0.850140857431228	0.068	0.533	1.69467958096932e-28
Rpl10a	1.27249885557944e-32	-0.569415794255099	0.1	0.571	1.70654821521759e-28
Ndufa6	1.40628020163799e-32	-0.950027956334337	0.036	0.472	1.88596237841671e-28
Hint1	1.55080679866816e-32	-0.867885115643996	0.1	0.568	2.07978699769387e-28
Cox6b1	2.68483856892745e-32	-0.698768367532185	0.118	0.602	3.6006370047886e-28
Capns1	4.44643693999108e-32	-0.470677948376504	0.217	0.746	5.96311658022204e-28
Dad1	4.58945108515187e-32	-0.649166794125535	0.113	0.6	6.15491285029717e-28
Rbp1	5.37350226790155e-32	-1.32947595015395	0.113	0.557	7.20640389148277e-28
Rab1	6.54787936144682e-32	-0.667446526141907	0.158	0.661	8.78136101163633e-28
Ctsl	6.72470508215135e-32	-0.827271182323982	0.181	0.681	9.01850198567318e-28
Fkbp1a	7.40924943714404e-32	-0.826054554930894	0.095	0.562	9.93654442015387e-28
Rpl15	9.56701559362407e-32	-0.880296248002522	0.059	0.508	1.28303246126092e-27
Atp5a1	1.06685915810529e-31	-0.635493187326765	0.149	0.658	1.43076481693501e-27
Cox7b	1.44027599388014e-31	-0.901243987692087	0.05	0.49	1.93155413539266e-27
Myl6	1.78833190124836e-31	-0.716922872965893	0.145	0.624	2.39833191276418e-27
Cfl1	2.02945134503641e-31	-0.50695550535313	0.226	0.78	2.72169719882832e-27
Hmgn1	2.46277515144107e-31	-0.860937268390773	0.068	0.522	3.30282775559761e-27
Pabpc1	3.91133142096722e-31	-0.627505213980703	0.339	0.867	5.24548656865913e-27
Cox7c	5.1688161996566e-31	-0.968870487074637	0.059	0.484	6.93189940535947e-27
Pfdn5	6.97518589194716e-31	-0.566072045480819	0.136	0.623	9.35442179969033e-27
Fau	8.4059109937286e-31	-0.563526694299673	0.407	0.91	1.12731672336894e-26
Ddost	8.62857751962004e-31	-0.883719249269346	0.05	0.476	1.15717853115624e-26
Eef1d	9.41069691087903e-31	-0.87946069520332	0.068	0.508	1.26206856271799e-26
Pdia6	1.33892636907482e-30	-0.713305247407493	0.145	0.63	1.79563415356625e-26
Cox6c	1.42737638858053e-30	-0.831633254430961	0.09	0.538	1.91425447472535e-26
Hnrnpa0	1.68775859909313e-30	-0.704129439447583	0.09	0.54	2.2634530572438e-26
Atox1	1.85807333442786e-30	-0.563296440022165	0.145	0.628	2.4918621488012e-26
Sod1	2.30921881590923e-30	-0.803714420188582	0.113	0.572	3.09689335401587e-26
Atp5e	2.43639033826648e-30	-0.464545701402829	0.163	0.67	3.26744308264918e-26
Serbp1	3.74096157387359e-30	-0.602790837667835	0.136	0.612	5.01700356672187e-26
Clic1	5.48667670370782e-30	-0.578433447221397	0.136	0.613	7.35818212734255e-26
Lmna	7.29461772097846e-30	-0.598349450426501	0.339	0.848	9.78281182560422e-26
Cxcl3	1.06012933433497e-29	2.45433151340819	0.43	0.171	1.42173945027663e-25
Mir703	1.15865796702092e-29	-0.712272521514503	0.054	0.48	1.55387619957176e-25
Rpn2	1.48116372651643e-29	-0.747663583056966	0.1	0.549	1.98638867363118e-25
Myl12a	1.89227360775973e-29	-0.653668298612951	0.353	0.849	2.53772813536657e-25
Lamp1	2.74737572818185e-29	-0.645542768868992	0.231	0.717	3.68450558906469e-25
Itm2c	3.3572758640837e-29	-0.627303161960392	0.158	0.62	4.50244266132265e-25
Ssr2	3.5440472756077e-29	-0.762823515784164	0.113	0.556	4.75292180131749e-25
Tubb5	4.43433046593168e-29	-0.6861843949814	0.118	0.582	5.94688058786098e-25
Nme1	5.23690189886295e-29	-0.903866758538358	0.068	0.489	7.0232091365651e-25
Ptms	5.38547632831072e-29	-0.631383929269976	0.149	0.62	7.2224623038975e-25
Arhgdia	7.13440771719928e-29	-0.420386221961071	0.208	0.723	9.56795418953596e-25
Nedd8	1.72171800487191e-28	-0.685933380563716	0.086	0.518	2.30899601633372e-24
App	2.38234506253616e-28	-0.539499440381849	0.208	0.694	3.19496296336724e-24
Serpinh1	2.41848229584365e-28	-1.22649613418107	0.127	0.547	3.24342660695592e-24
Tmed3	3.16110960620392e-28	-0.979462291456441	0.036	0.431	4.23936409288008e-24
Clta	3.3239836083365e-28	-0.449138639359552	0.181	0.67	4.45779441714008e-24
Cnbp	3.62592272303343e-28	-0.558960794673426	0.208	0.696	4.86272496386013e-24
Prkar1a	3.95599065165563e-28	-0.476355608397001	0.199	0.685	5.30537906293537e-24
Ppp2ca	5.18402899568493e-28	-0.530660209458945	0.172	0.657	6.95230128611306e-24
Slc25a5	9.03650556730217e-28	-0.470137794776911	0.14	0.603	1.21188576163089e-23
Mtch1	1.02905005592221e-27	-0.815777676897363	0.086	0.504	1.38005902999727e-23
Ifitm3	1.3228986469308e-27	-0.733405226999434	0.181	0.633	1.77413937539889e-23
Hspa8	1.37128272849983e-27	-0.695679785083312	0.086	0.513	1.83902726719113e-23
Hspe1	1.60988405514287e-27	-0.828855066875876	0.086	0.501	2.1590155063521e-23
Sdc4	1.65686563144335e-27	-0.739868146282183	0.163	0.603	2.22202249832868e-23
Uqcr11	1.68144113016366e-27	-0.825417949555665	0.045	0.434	2.25498069966248e-23
Ncl	1.89757997359178e-27	-0.614324625043838	0.127	0.575	2.54484450258393e-23
Cox5a	2.13783592254629e-27	-0.570827683605405	0.109	0.538	2.86705175572683e-23
Serp1	2.24286800579686e-27	-0.532504615892473	0.181	0.65	3.00791028257417e-23
Edf1	2.73594593440855e-27	-0.690496046944279	0.081	0.505	3.66917709263531e-23
Pomp	3.1816054801434e-27	-0.398115921674527	0.09	0.522	4.26685110942031e-23
Slc25a4	3.24885339704104e-27	-0.735484181307657	0.059	0.456	4.35703729077174e-23
Vim	3.42216395194086e-27	-0.869596739908645	0.339	0.75	4.58946407594788e-23
Fis1	4.17943634088457e-27	-0.489804635995287	0.063	0.476	5.6050420767603e-23
Ppia	5.22465914285234e-27	-0.812991450645691	0.095	0.515	7.00679037647927e-23
S100a6	6.32910741517001e-27	-1.01023080471018	0.385	0.787	8.48796595448451e-23
Banf1	8.72548107127359e-27	-0.796631109790126	0.063	0.465	1.1701742664685e-22
Tmem59	9.12198201336834e-27	-0.62876847158819	0.136	0.581	1.22334900781283e-22
Rnasek	1.02849833483381e-26	-0.457742904427646	0.136	0.585	1.37931911684563e-22
Atp5j	1.60116704713585e-26	-0.685655694297197	0.068	0.471	2.14732512691388e-22
Sh3bgrl3	1.84455866397809e-26	-0.530539676078264	0.127	0.559	2.47373762426102e-22
Igfbp7	2.08488801073709e-26	-1.47561415343459	0.158	0.556	2.79604331119951e-22
Kdelr2	2.40174607242279e-26	-0.720314457958473	0.086	0.491	3.2209816577262e-22
Atp5h	2.83592925753404e-26	-0.781776313205834	0.095	0.501	3.8032647272789e-22
Tspan3	3.36279136757869e-26	-0.523339049901732	0.063	0.457	4.50983950305978e-22
Surf4	3.6995043632441e-26	-0.552468985429494	0.176	0.637	4.96140530154666e-22
Wbp5	4.20401271278455e-26	-0.590767007142163	0.118	0.547	5.63800144911537e-22
Tuba1a	4.53464392810378e-26	-0.864832671740624	0.109	0.516	6.08141097197998e-22
Rtn4	4.59510497453645e-26	-0.54040513612983	0.24	0.722	6.16249528135084e-22
Dap	4.61533088896087e-26	-0.610673191636647	0.081	0.486	6.18962025518542e-22
Cst3	6.0416613817109e-26	-1.02920218909236	0.299	0.777	8.10247207901249e-22
Txndc17	7.35394897413684e-26	-0.620074738616538	0.072	0.475	9.86238096921491e-22
Smdt1	7.37971006500261e-26	-0.654746520620754	0.059	0.439	9.896929168175e-22
Rhoc	7.45374312016027e-26	-0.691864778656863	0.104	0.52	9.99621489844694e-22
Eif4a1	1.17388925129138e-25	-0.462279744793902	0.176	0.653	1.57430287490687e-21
Canx	1.22031208840603e-25	-0.439371318652626	0.195	0.681	1.63656054176133e-21
Vasn	1.43298919303044e-25	-0.966227119747483	0.104	0.502	1.92178180677312e-21
Tmem50a	1.62827561149545e-25	-0.464468026184095	0.095	0.496	2.18368042257655e-21
Nucb1	1.74077587103514e-25	-0.621597287686955	0.118	0.527	2.33455452064522e-21
Dbi	1.79062233090184e-25	-0.798125593894411	0.077	0.471	2.40140360797245e-21
Pcbp2	2.29088876590333e-25	-0.474448555553639	0.208	0.688	3.07231092395296e-21
Hsp90b1	2.38261466070021e-25	-0.535323830186826	0.253	0.735	3.19532452146505e-21
Ifitm1	2.47068235369957e-25	2.15379185124575	0.271	0.079	3.31343210454649e-21
Minos1	2.60295304612261e-25	-0.440225995239163	0.109	0.525	3.49082033015503e-21
Bsg	3.16261819838395e-25	-0.344654305295687	0.231	0.713	4.24138726585272e-21
Vapa	3.94133205939701e-25	-0.370596060872794	0.104	0.515	5.28572042485733e-21
Srp14	4.18223397782626e-25	-0.382613873448803	0.081	0.486	5.6087939876628e-21
Atp5f1	4.32651160931099e-25	-0.313030754552406	0.127	0.564	5.80228471924696e-21
Maged1	5.02476993399977e-25	-0.629986877051164	0.113	0.524	6.7387189584871e-21
Drap1	5.10459134920223e-25	-0.653205575466797	0.072	0.467	6.84576745841512e-21
Ostc	5.48415262464965e-25	-0.720194149472086	0.059	0.441	7.35479708491764e-21
Rabac1	5.62700970759075e-25	-0.311405773983282	0.154	0.597	7.54638271884996e-21
Erp29	6.17293126548665e-25	-0.597113081905427	0.095	0.493	8.27851812014414e-21
Atp5j2	6.27971398736583e-25	-0.328389823110782	0.109	0.52	8.42172442845631e-21
Tspo	7.29486235785751e-25	-0.535658818848568	0.127	0.553	9.7831399081227e-21
Ywhae	7.44856289638301e-25	-0.416744431499911	0.244	0.73	9.98926770033926e-21
Shisa5	8.28136980776857e-25	-0.516946554268012	0.149	0.571	1.11061450491984e-20
Tubb6	1.12353929332336e-24	-0.535388095437498	0.131	0.559	1.50677854627595e-20
Pttg1ip	1.3533953850324e-24	-0.526795463389717	0.145	0.577	1.81503855086696e-20
Timm13	1.35760165134596e-24	-0.596767214034668	0.09	0.494	1.82067957462007e-20
Krtcap2	1.68052831641109e-24	-0.711535193162769	0.059	0.432	2.25375652513892e-20
Ptma	1.87822752992182e-24	-0.391749839099853	0.095	0.494	2.51889094037815e-20
Eif5a	1.90331735325047e-24	-0.344880339107603	0.24	0.737	2.55253890244421e-20
Gm6402	2.29373906556551e-24	-0.457072167876992	0.081	0.469	3.07613346082991e-20
Hsbp1	2.3830237380244e-24	-0.535110050532775	0.077	0.461	3.19587313506453e-20
Spcs1	3.03128688612286e-24	-0.671655349466456	0.059	0.428	4.06525884297936e-20
Map1lc3b	3.29117309396613e-24	-0.514987576526108	0.095	0.486	4.41379223631798e-20
Uqcr10	3.41701045321735e-24	-0.599220121708143	0.045	0.402	4.58255271880979e-20
Psmb4	4.24516953821075e-24	-0.570356847397096	0.122	0.533	5.69319686769444e-20
Tceb2	4.37777512201915e-24	-0.40482289904054	0.122	0.545	5.87103421613988e-20
Eif2s2	4.54909515239477e-24	-0.661773173877834	0.045	0.406	6.10079150887663e-20
Eif3k	4.62670392525586e-24	-0.623765235964078	0.072	0.443	6.20487263416064e-20
Atp5c1	7.59963926001938e-24	-0.656301163266856	0.072	0.448	1.0191876211612e-19
Ywhaz	7.78292638781429e-24	-0.366364748065696	0.195	0.653	1.04376825786977e-19
Cyb5r3	8.07981521249963e-24	-0.46310692236968	0.081	0.469	1.08358401814833e-19
Nenf	1.19136822177685e-23	-0.81222864427036	0.027	0.361	1.59774392222493e-19
Ppp1r14b	1.80586619400522e-23	-0.749931463282844	0.072	0.441	2.4218471527804e-19
Sub1	1.85895658638818e-23	-0.54839877071417	0.113	0.511	2.49304667800518e-19
Tapbp	1.86878197848363e-23	-0.470999332891377	0.14	0.551	2.50622351134439e-19
Ndufa13	1.93473745160795e-23	-0.563613587628989	0.081	0.456	2.59467639635143e-19
Atpif1	2.28598037955483e-23	-0.73773802983861	0.081	0.452	3.06572828702098e-19
Dynlrb1	2.89877776783766e-23	-0.45489757513426	0.068	0.439	3.88755086444708e-19
Ndufa7	3.03704751853503e-23	-0.468058410938569	0.077	0.451	4.07298442710732e-19
Snrpb	3.53809743403126e-23	-0.511105551776394	0.176	0.6	4.74494246877932e-19
Ergic3	3.8242198041347e-23	-0.664568821159905	0.068	0.432	5.12866117932505e-19
Atf4	4.42153434108403e-23	-0.33430710298142	0.281	0.757	5.92971970482779e-19
Hnrnpk	4.45480490033504e-23	-0.281870279417792	0.217	0.685	5.97433885183933e-19
Ap2s1	4.57660969334013e-23	-0.57910887078114	0.068	0.433	6.13769125973844e-19
Errfi1	4.60240540620886e-23	-0.475882098390931	0.145	0.547	6.17228589026671e-19
Dnaja2	5.19139047009371e-23	-0.540717529133902	0.109	0.498	6.96217375944267e-19
Sparc	5.19240883691522e-23	-1.49339721611879	0.24	0.585	6.963539491187e-19
X9530068E07Rik	6.2458753214248e-23	-0.491356778094154	0.109	0.493	8.3763433935628e-19
Eif3i	7.54878857772275e-23	-0.761623126991907	0.068	0.426	1.0123680361584e-18
Sar1a	8.30814745457391e-23	-0.306857595370306	0.127	0.529	1.11420565513291e-18
Ybx3	8.81716741247131e-23	-0.601334419021509	0.136	0.536	1.18247032168653e-18
Serpine2	9.37300146008533e-23	-1.41702061961474	0.09	0.445	1.25701322581204e-18
Rnh1	1.01996971123375e-22	-0.359972885388688	0.176	0.594	1.36788137973558e-18
Ran	1.0247475679916e-22	-0.489003236463526	0.1	0.481	1.37428896343354e-18
Dynll1	1.0817616189824e-22	-0.467203390249318	0.163	0.594	1.4507505072173e-18
Manf	1.10147979505475e-22	-0.323286619431697	0.154	0.571	1.47719455314792e-18
Grn	1.1149823890406e-22	-0.549457723066009	0.195	0.617	1.49530288194235e-18
Psmd8	1.1530246842872e-22	-0.432058171085794	0.109	0.498	1.54632140409756e-18
Tpm1	1.21354095503123e-22	-0.53503712883761	0.172	0.586	1.62747977479238e-18
Ndufa4	1.27168668256878e-22	-0.526091822181499	0.077	0.443	1.70545900999299e-18
Ctsc	1.3077099729088e-22	-0.752362420166485	0.09	0.458	1.75376984466799e-18
Tram1	1.77444727680958e-22	-0.663419817756851	0.072	0.422	2.37971124292933e-18
Cnn3	1.79920946563072e-22	-0.527300067862854	0.113	0.489	2.41291981435736e-18
Map1lc3a	1.80083385952079e-22	-0.665781809545907	0.059	0.405	2.41509828900333e-18
Sfr1	1.89155128600949e-22	-0.625336113113929	0.127	0.525	2.53675942966733e-18
Tbca	1.91035015322918e-22	-0.454463430344806	0.072	0.444	2.56197059049565e-18
Taf10	1.96806265965599e-22	-0.381986721735094	0.072	0.441	2.63936883286464e-18
Prdx2	1.970658088945e-22	-0.734077870565086	0.059	0.407	2.64284956308413e-18
Psap	2.70046342197047e-22	-0.513908185213308	0.253	0.697	3.6215914952046e-18
Rtn3	3.22219410726091e-22	-0.417829911137745	0.113	0.515	4.3212845172476e-18
Bag3	3.64870448147724e-22	-0.542519098125816	0.118	0.5	4.89327758010912e-18
Ndufb11	4.25147474892786e-22	-0.717600047917539	0.045	0.382	5.70165278578716e-18
Gorasp2	4.69598389953565e-22	-0.587881309443851	0.1	0.467	6.29778400766726e-18
D8Ertd738e	4.83173946658978e-22	-0.27534962955771	0.109	0.49	6.47984579864355e-18
Hdgf	4.94989958711407e-22	-0.435666307282267	0.122	0.517	6.63831033627867e-18
Glmp	5.98336179231413e-22	-0.527245512443584	0.1	0.468	8.02428649967248e-18
Nedd4	6.29958194934206e-22	-0.723710515085738	0.118	0.493	8.44836935226263e-18
Atp6v0e	6.87405426440056e-22	-0.299026905933261	0.167	0.603	9.2187941739876e-18
Rer1	7.71395404811176e-22	-0.665594170958426	0.054	0.392	1.03451837739227e-17
Mgst1	7.76121292039273e-22	-0.931485343515352	0.045	0.379	1.04085626475387e-17
Cdc37	8.35536603058557e-22	-0.520792150782412	0.086	0.456	1.12053813836183e-17
Lgals9	8.40320212373687e-22	-0.708595381937742	0.054	0.398	1.12695343681435e-17
Upp1	8.79936690852001e-22	1.8811641059899	0.299	0.107	1.18008309610162e-17
Ndufa11	8.84603631988957e-22	-0.724172022346593	0.045	0.384	1.18634193086039e-17
Serinc3	8.8633624295639e-22	-0.475740224672859	0.33	0.783	1.18866553542881e-17
Fosb	1.02280734961093e-21	-0.433751161858707	0.222	0.646	1.37168693656322e-17
Glud1	1.03380738694531e-21	-0.449945102800246	0.095	0.464	1.38643908663235e-17
Anxa6	1.05299466186004e-21	-0.542291491221923	0.113	0.493	1.4121711410205e-17
Myadm	1.05657975755501e-21	-0.644286183300887	0.086	0.447	1.41697911285702e-17
Uqcrq	1.07875997803061e-21	-0.496606802242961	0.113	0.499	1.44672500653685e-17
Ghitm	1.11493554226836e-21	-0.464973837348736	0.1	0.469	1.4952400557361e-17
Myeov2	1.21005724750519e-21	-0.49278128354354	0.059	0.401	1.62280777462921e-17
Ndufa2	1.27070297070438e-21	-0.350225434760755	0.1	0.475	1.70413975401165e-17
Btf3	1.27381399285839e-21	-0.685428751113409	0.036	0.361	1.70831194582238e-17
Cct5	1.30043875731295e-21	-0.595499198416931	0.09	0.451	1.74401841743239e-17
Comt	1.41963132046988e-21	1.09064519243262	0.769	0.83	1.90386756388216e-17
Prelid1	1.45839900267406e-21	-0.400921169903093	0.113	0.494	1.95585890248618e-17
Aes	1.48533912484401e-21	-0.720157755409785	0.054	0.395	1.9919883003283e-17
X1110008F13Rik	1.66270202685112e-21	-0.554957654989043	0.054	0.394	2.22984968821004e-17
Slc7a11	1.68149092811693e-21	1.75256425604898	0.253	0.079	2.25504748369761e-17
Rpl36al	1.84399180015928e-21	-0.658469855714031	0.032	0.355	2.47297740319362e-17
Ndufa1	1.88846550503182e-21	-0.707292691118346	0.05	0.378	2.53262108879818e-17
Vcp	1.8992703110136e-21	-0.386487236032202	0.181	0.606	2.54711141410034e-17
Tm9sf3	2.32391666860624e-21	-0.28692887025612	0.136	0.525	3.11660464426782e-17
Spcs2	2.33326977302398e-21	-0.548161647688716	0.077	0.43	3.12914809260246e-17
Set	2.379172242143e-21	-0.606351965584934	0.05	0.384	3.19070789393798e-17
Pdcd6	2.39879147894934e-21	-0.580893435169019	0.1	0.458	3.21701925241896e-17
Syngr2	2.61531784950079e-21	-0.745955715583562	0.059	0.397	3.50740276796551e-17
Ldha	2.70277239092303e-21	-0.444263079260051	0.303	0.758	3.62468805346688e-17
Cox7a2	3.20798718119099e-21	-0.363091363336535	0.09	0.454	4.30223160869524e-17
Ndufa3	3.32638791792814e-21	-0.510435871049858	0.054	0.389	4.46101883673343e-17
Ptges3	3.64548677578779e-21	-0.599998480868871	0.072	0.42	4.88896231500901e-17
Vkorc1	3.82290722200917e-21	-0.709730932549244	0.041	0.361	5.1269008754365e-17
Sdhc	4.00587288387298e-21	-0.575231668555721	0.063	0.399	5.37227612456206e-17
Chic2	4.09110761596138e-21	-0.457818793724023	0.09	0.447	5.48658442376581e-17
Tmem176a	4.15687280975288e-21	-0.742148175538668	0.068	0.406	5.57478212515958e-17
Igfbp4	4.48335322849779e-21	-1.45441901545317	0.086	0.417	6.01262501473839e-17
Lrrc59	4.71661500903795e-21	-0.45306667907588	0.122	0.508	6.32545238862079e-17
Stip1	5.42423653335753e-21	-0.540300808429267	0.059	0.398	7.27444361488578e-17
Rab18	5.71991330086388e-21	-0.55340600873343	0.063	0.405	7.67097572778855e-17
Saraf	5.8181329555664e-21	-0.547987211450857	0.109	0.476	7.80269810671009e-17
Ywhab	6.18365416908137e-21	-0.425341660658831	0.154	0.562	8.29289860615502e-17
Psmd1	6.32168952976163e-21	-0.522334212996206	0.09	0.448	8.47801782836332e-17
Cct4	6.8852376862143e-21	-0.593488385258414	0.081	0.435	9.233792260982e-17
Lman2	7.22996297055469e-21	-0.44546842835508	0.095	0.45	9.69610333981089e-17
Trf	7.43172133255437e-21	-1.07922910726498	0.145	0.485	9.96668147908866e-17
Atp2a2	7.65511606131433e-21	-0.402090545161147	0.186	0.601	1.02662761498286e-16
Uqcrfs1	7.8019037123839e-21	-0.508415628785941	0.068	0.409	1.0463133068678e-16
Cct3	8.88188289508244e-21	-0.441353931386945	0.104	0.469	1.19114931505951e-16
Grcc10	9.35036954313536e-21	-0.642683864327424	0.068	0.409	1.25397805942988e-16
Pld3	9.3748151210354e-21	-0.637682021047126	0.077	0.422	1.25725645588206e-16
Sepp1	1.00170710821068e-20	-1.31005885011568	0.032	0.35	1.34338940282134e-16
Gpi1	1.08111615671e-20	-0.394404281796597	0.118	0.499	1.44988487776378e-16
Rpn1	1.13175289382072e-20	-0.450292931724807	0.127	0.502	1.51779380590297e-16
Hnrnpu	1.17527917566815e-20	-0.389074414976329	0.208	0.642	1.57616690248855e-16
Gnb1	1.24336602358563e-20	-0.25993977317611	0.244	0.694	1.66747817423069e-16
Atp1a1	1.27449718287585e-20	-0.358295965071302	0.145	0.542	1.70922817195481e-16
Park7	1.39785287338663e-20	-0.559173615434262	0.041	0.359	1.87466048849881e-16
Gdi2	1.40518260459896e-20	-0.466084793039894	0.14	0.521	1.88449039102767e-16
Rnase4	1.41913846374017e-20	-1.09596486372927	0.036	0.347	1.90320659372194e-16
Tm4sf1	1.56697411523256e-20	-1.17795888966162	0.145	0.49	2.10146898593838e-16
Cct2	1.60036218920769e-20	-0.515004665107041	0.154	0.538	2.14624573194643e-16
Tgfbr2	1.91201307355517e-20	-0.655055976647357	0.095	0.442	2.56420073294484e-16
Itgb5	2.00203360938956e-20	-0.468724991037573	0.122	0.488	2.68492727355234e-16
Igsf8	2.10772165555018e-20	-0.513463413516353	0.081	0.437	2.82666551225835e-16
Mrfap1	2.45311521495872e-20	-0.50059627909744	0.068	0.407	3.28987281478113e-16
Nap1l1	2.55018065147486e-20	-0.460014526739326	0.086	0.441	3.42004727169294e-16
Ifi27	3.30299376087102e-20	-0.670540378074777	0.059	0.388	4.42964493270412e-16
Tpi1	3.68094071767921e-20	-0.430730316246247	0.1	0.461	4.93650959647959e-16
Cd53	3.78406161256971e-20	1.70906152240808	0.48	0.29	5.07480502861724e-16
Rabggtb	3.89670061343083e-20	-0.408083165746203	0.077	0.419	5.22586519267209e-16
Timp2	4.03188567100073e-20	-0.609329835778978	0.14	0.517	5.40716187337908e-16
Rheb	4.06575637098162e-20	-0.405022642969531	0.136	0.51	5.45258586912346e-16
Rad23b	4.06828411150978e-20	-0.509322131358114	0.09	0.441	5.45597582194576e-16
Ywhag	4.11414620444702e-20	-0.431387832511155	0.163	0.559	5.5174814747839e-16
Anxa1	5.07218704620073e-20	-0.53508435540996	0.371	0.784	6.8023100476598e-16
Csde1	5.51330571703231e-20	-0.299489996639456	0.127	0.501	7.39389429711203e-16
Rbbp7	5.64211756546893e-20	-0.702488389543069	0.05	0.365	7.56664386705038e-16
Eif3b	6.18772802225958e-20	-0.38837094088688	0.14	0.518	8.29836205065232e-16
Cltb	7.1104690946691e-20	-0.585302426127013	0.059	0.379	9.53585010286073e-16
Actn4	8.2232197150315e-20	-0.382288540391002	0.235	0.657	1.10281599598287e-15
Cct6a	9.06071396331655e-20	-0.551787597579016	0.077	0.418	1.21513234962038e-15
Atp5g1	1.05801302057757e-19	-0.586171732758969	0.05	0.362	1.41890126189658e-15
Nus1	1.0913224768892e-19	-0.428396666984917	0.086	0.429	1.46357257375611e-15
X2410006H16Rik	1.11904390074085e-19	-0.455804879047821	0.109	0.466	1.50074977528356e-15
Chmp4b	1.17166954151639e-19	-0.426158063589796	0.09	0.437	1.57132602212764e-15
Vimp	1.31042597107653e-19	-0.517376204151713	0.077	0.407	1.75741226981074e-15
Mlf2	1.31109049749614e-19	-0.333080578496473	0.131	0.509	1.75830346619208e-15
Sec61a1	1.44841274804642e-19	-0.434129291483247	0.181	0.586	1.94246633640506e-15
Dag1	1.60810183143433e-19	-0.628918808997204	0.041	0.346	2.15662536613658e-15
Skp1a	1.76795414045456e-19	-0.408542245575973	0.09	0.431	2.37100329776361e-15
Hcfc1r1	1.8619059072047e-19	-0.56874488459821	0.041	0.342	2.49700201215222e-15
Cct7	1.8706221542502e-19	-0.309180408081699	0.113	0.469	2.50869137106494e-15
Ywhaq	1.9353577132789e-19	-0.571307609137596	0.041	0.345	2.59550822927833e-15
Oat	1.98387431212309e-19	-0.450432428687356	0.09	0.427	2.66057383998827e-15
Atp5o	2.16889358456561e-19	-0.353877676820512	0.118	0.474	2.90870318626094e-15
Sec62	2.25175419488882e-19	-0.390140408398481	0.131	0.492	3.0198275507654e-15
Ndufb9	2.47802814784764e-19	-0.389513576293517	0.086	0.419	3.32328354907847e-15
Tmem14c	2.61034908528419e-19	-0.492009794189814	0.072	0.395	3.50073915827463e-15
Bag1	2.67777145185159e-19	-0.297044182282524	0.1	0.44	3.59115929407817e-15
Itgb1	2.82782380845254e-19	-0.418584061327795	0.294	0.726	3.7923945095157e-15
Zfp706	2.91590363908929e-19	-0.53585651811143	0.068	0.393	3.91051837038264e-15
Bcap31	3.31345970249439e-19	-0.476036291024594	0.072	0.398	4.44368080701522e-15
Dnajb1	3.49590334599307e-19	-0.489978524889251	0.059	0.38	4.68835597731131e-15
Ddb1	3.55539863297639e-19	-0.386118153691706	0.226	0.643	4.76814510668464e-15
Psma1	3.92062656807085e-19	-0.387161375290833	0.077	0.408	5.25795229043982e-15
Kdelr1	3.98497641284827e-19	-0.496911608386552	0.063	0.383	5.34425186727082e-15
Sdf4	4.2845147458101e-19	-0.427651162595106	0.118	0.468	5.74596272560593e-15
Ndufb5	5.07340131435653e-19	-0.519838022624465	0.027	0.317	6.80393850268355e-15
Vdac2	5.1042642961778e-19	-0.334108461922368	0.172	0.561	6.84532884760404e-15
Pcbp1	5.70782253697207e-19	-0.254646713915916	0.253	0.681	7.65476080433325e-15
Tmem256	5.72694312915474e-19	-0.500503012654091	0.036	0.334	7.68040343050942e-15
Arf6	5.9937395302753e-19	-0.339928621654335	0.167	0.54	8.0382040840522e-15
Higd2a	6.44981846779963e-19	-0.427116531519558	0.072	0.399	8.64985154716609e-15
Gapdh	6.49970045112971e-19	-0.34411700071177	0.086	0.422	8.71674827501005e-15
Tcp11l2	6.63176241732169e-19	-0.513794560991115	0.059	0.367	8.89385657787012e-15
Ube2l3	6.70295247518023e-19	-0.448062171859385	0.041	0.339	8.98932956446421e-15
Ndufb8	6.96370833802312e-19	-0.429279233196713	0.072	0.392	9.33902925212281e-15
Aebp1	7.16606039043294e-19	-0.922599951040265	0.113	0.44	9.61040358960961e-15
Cmpk1	7.25656101942927e-19	-0.407630520720738	0.086	0.422	9.73177398315659e-15
Cxcl16	7.49599606118874e-19	-0.490040466607632	0.122	0.471	1.00528803176602e-14
Cnih4	8.71009627095365e-19	-0.666904377182194	0.027	0.311	1.16811101089759e-14
X2310036O22Rik	9.11036439031787e-19	-0.286739073332622	0.149	0.525	1.22179096838553e-14
H13	9.23946889152308e-19	-0.400355054240326	0.167	0.544	1.23910517304216e-14
Hdlbp	9.47293391619193e-19	-0.365248217724526	0.24	0.67	1.2704151675005e-14
Anxa2	1.01684145322329e-18	-0.473762020124686	0.367	0.766	1.36368607291775e-14
Tyrobp	1.04021096286964e-18	1.3921246293728	0.425	0.214	1.39502692230448e-14
Os9	1.18460122355954e-18	-0.33441326518621	0.109	0.454	1.5886687009157e-14
Ube2z	1.21518594537591e-18	-0.387150233613862	0.081	0.402	1.62968587134363e-14
Tubb4b	1.25959702882305e-18	-0.635245956968091	0.068	0.384	1.68924557535459e-14
Cd63	1.31489621735453e-18	-0.414210471349378	0.385	0.786	1.76340731709416e-14
Tmem30a	1.31644597778121e-18	-0.37454903866364	0.068	0.39	1.76548570080238e-14
Sh3bgrl	1.33301469815847e-18	-0.524584926802499	0.072	0.388	1.78770601170033e-14
Vdac1	1.38165267868119e-18	-0.463581433935142	0.081	0.409	1.85293440737935e-14
Fn1	1.46089337516426e-18	-0.90756328740527	0.249	0.568	1.95920410543279e-14
Gabarapl1	1.46969852309721e-18	-0.393986242847184	0.095	0.428	1.97101268932567e-14
Cnn2	1.48984789217141e-18	-0.730410122593095	0.077	0.393	1.99803500819107e-14
Tcn2	1.56476798144757e-18	-0.360426458600209	0.1	0.435	2.09851033991934e-14
Psma7	1.6728539743928e-18	-0.369972718915743	0.131	0.489	2.24346446505818e-14
Tecr	1.74437936795137e-18	-0.549342776100282	0.104	0.432	2.33938717035958e-14
Crip2	1.91888487868898e-18	-0.663066173620224	0.127	0.467	2.57341651080979e-14
Reep5	1.95634169722643e-18	-0.510373147671222	0.077	0.393	2.62364985015037e-14
Ap2m1	2.0177607534527e-18	-0.58817191231349	0.041	0.331	2.70601894645542e-14
Emb	2.16425258000848e-18	-0.50615830148323	0.104	0.442	2.90247913504937e-14
Rbbp4	2.21615376170834e-18	-0.45246504098602	0.081	0.403	2.97208380982706e-14
Hspb8	2.2216580704312e-18	-0.818146771105668	0.059	0.36	2.97946563825528e-14
Glrx5	2.49253442603856e-18	-0.464164574262116	0.068	0.384	3.34273791876031e-14
Csn3	2.57235916529646e-18	-2.25506362652968	0.131	0.442	3.44979087657908e-14
Morf4l2	2.86442143510324e-18	-0.32512578208819	0.113	0.455	3.84147558661696e-14
Ufc1	3.04565919680253e-18	-0.601944068137288	0.032	0.318	4.08453354883188e-14
Pebp1	3.30427637668956e-18	-0.610196822672568	0.032	0.312	4.43136504877837e-14
Timp1	3.77740629055364e-18	-0.913736948003597	0.154	0.486	5.06587957626149e-14
Ctnna1	3.81930645700691e-18	-0.33933494731307	0.195	0.579	5.12207188949197e-14
Ociad1	3.97254173072484e-18	-0.472594140579109	0.041	0.33	5.32757571507508e-14
Atp6ap1	3.99265407647497e-18	-0.264426397760793	0.154	0.528	5.35454838196058e-14
Prr13	4.17097269079174e-18	-0.287478277717748	0.14	0.498	5.5936914756208e-14
Tmem123	4.49848593163622e-18	-0.680259904587175	0.086	0.4	6.03291948291733e-14
Sgk1	4.60037585295677e-18	-0.300981019338831	0.299	0.694	6.16956405640032e-14
Swi5	4.63337099708549e-18	-0.497665407414776	0.068	0.366	6.21381384419135e-14
Ube2k	4.94801468344255e-18	-0.272959649446692	0.095	0.426	6.6357824919648e-14
Txn2	5.08780148146692e-18	-0.616588010193661	0.032	0.309	6.82325056679529e-14
Tubb2a	5.25501345201137e-18	-0.460202110572286	0.136	0.478	7.04749854049245e-14
Uba1	5.89753868402135e-18	-0.332753057527987	0.181	0.566	7.90918912914103e-14
Calu	6.01591570540311e-18	-0.428443049130698	0.163	0.535	8.06794455251611e-14
Lgals3bp	6.2382181539283e-18	-0.746246509049538	0.063	0.367	8.36607436623325e-14
Ndufs2	6.36790124248657e-18	-0.507722205428548	0.063	0.367	8.53999235629874e-14
Postn	8.11561474904719e-18	-1.37246105179993	0.09	0.391	1.08838509399472e-13
Ubqln1	8.8071464626217e-18	-0.461046455344307	0.081	0.395	1.1811264121022e-13
Gpx3	8.87641076335549e-18	-1.31808137416711	0.05	0.333	1.1904154474736e-13
Wwtr1	9.09073715416874e-18	-0.425550388769184	0.095	0.412	1.21915875974557e-13
Selt	9.94424544047451e-18	-0.382936109679798	0.081	0.397	1.33362275602204e-13
Slc25a39	9.98525600274062e-18	-0.305294280429045	0.059	0.361	1.33912268252754e-13
Cct8	1.01582237691275e-17	-0.471056342373042	0.072	0.387	1.36231938967769e-13
Dynll2	1.15296246152849e-17	-0.58698191180591	0.032	0.314	1.54623795715586e-13
Naa50	1.1634180152397e-17	-0.323763763158197	0.118	0.455	1.56025990023796e-13
Kcmf1	1.28671194912509e-17	-0.308173501845898	0.109	0.441	1.72560939497166e-13
Anxa4	1.38921776317667e-17	-0.413952687426972	0.059	0.358	1.86307994219624e-13
Eif3e	1.65201252066728e-17	-0.443897901804344	0.072	0.38	2.21551399146689e-13
Ube2r2	1.77230284788716e-17	-0.299599993197246	0.109	0.435	2.37683534930146e-13
Tmed7	1.87333485337259e-17	-0.323164904281904	0.081	0.396	2.51232937185798e-13
Ctbp1	2.02012407246328e-17	-0.300564845001957	0.09	0.404	2.70918839358051e-13
Clic4	2.10789965838409e-17	-0.393860839722668	0.14	0.487	2.8269042318589e-13
Hspb1	2.15722011237105e-17	-0.797890422642452	0.109	0.425	2.89304789270081e-13
Tmed10	2.17903055142031e-17	-0.356171963933169	0.086	0.401	2.92229787250978e-13
Lgmn	2.54409146871056e-17	-0.932376065777861	0.109	0.419	3.41188106868773e-13
Pxdc1	2.55387422588066e-17	-0.31851447367667	0.154	0.502	3.42500072432856e-13
Gsn	2.56537075479761e-17	-0.652051026622872	0.186	0.554	3.44041871925907e-13
Mif	2.76695457502127e-17	-0.327730044355843	0.176	0.54	3.71076278056102e-13
X2700060E02Rik	2.79037142026887e-17	-0.624305599943928	0.023	0.286	3.74216711172259e-13
Spint2	3.07163396811457e-17	-0.932006516870984	0.072	0.365	4.11936831463845e-13
Dhx9	3.14032555166994e-17	-0.378386751247106	0.09	0.404	4.21149059734455e-13
Dnajc3	3.14987247556277e-17	-0.410428160480929	0.081	0.388	4.22429397697723e-13
Arf3	3.17386607774641e-17	-0.35135291227849	0.059	0.357	4.25647179686572e-13
Pea15a	3.18213925924865e-17	-0.483935811050417	0.054	0.343	4.26756696057837e-13
Wls	3.22861941884422e-17	-0.485282860582804	0.077	0.375	4.32990150261198e-13
Ndufs6	3.73732230184269e-17	-0.421796924174977	0.05	0.331	5.01212293900123e-13
Abracl	3.8618483531854e-17	-0.344106829278542	0.09	0.41	5.17912482645693e-13
Ext1	4.15178186676104e-17	-0.263659668609115	0.1	0.432	5.56795466151323e-13
Aup1	4.17989150839994e-17	-0.339155066464985	0.077	0.381	5.60565250191516e-13
Cdk4	4.18504781271532e-17	-0.412830599304495	0.072	0.375	5.61256762163251e-13
Elovl1	4.29993306371498e-17	-0.321691011807139	0.09	0.403	5.76664023174816e-13
Uqcc2	4.50300043797257e-17	-0.582722321330085	0.045	0.321	6.03897388736501e-13
Phb2	4.54190317322264e-17	-0.333118392133718	0.1	0.414	6.09114634560888e-13
Rab1b	4.60020561705878e-17	-0.491210176983356	0.063	0.355	6.16933575303753e-13
Kars	4.6748258225504e-17	-0.570030351662329	0.032	0.299	6.26940891062234e-13
Hspa9	4.72867106758416e-17	-0.285553039087951	0.204	0.59	6.34162076873711e-13
Psme2	4.78382870281584e-17	-0.429845000857823	0.063	0.358	6.41559267334632e-13
Eif6	4.81773483867382e-17	-0.354570161789248	0.172	0.537	6.46106419214547e-13
Srsf9	4.89548117228133e-17	-0.502472319241488	0.063	0.352	6.56532980014649e-13
Rbx1	4.90226020062964e-17	-0.420070653311085	0.045	0.332	6.5744211550644e-13
S100a1	5.0820344394266e-17	-0.506737174137906	0.054	0.342	6.81551638671501e-13
Fkbp4	5.20231765452122e-17	-0.645209541085511	0.027	0.289	6.97682820647841e-13
Grpel1	5.7398889538607e-17	-0.453129529382013	0.041	0.318	7.69776507602259e-13
Tuba1b	5.9023699343465e-17	-0.488222476380564	0.081	0.389	7.91566831895209e-13
Tuba4a	6.13190767744015e-17	-0.626502590728742	0.104	0.419	8.22350138621498e-13
Sec63	6.61668213755693e-17	-0.49767789758446	0.05	0.326	8.8736324146776e-13
Emp3	6.86465345044419e-17	-0.493399093420609	0.113	0.427	9.2061867423907e-13
Txnl1	7.01327976341455e-17	-0.298431207657618	0.086	0.398	9.40550949071525e-13
Ctsa	7.9100281653681e-17	-0.38335052598958	0.176	0.534	1.06081387725752e-12
Lman1	8.38157267136122e-17	-0.45852897212024	0.05	0.33	1.12405271095625e-12
Tsc22d1	9.48966549295397e-17	-0.375327950117643	0.122	0.447	1.27265903926006e-12
Cald1	9.5894098092845e-17	-0.361143559095514	0.131	0.46	1.28603574952314e-12
Nupr1	1.00350384870413e-16	-0.331883314356225	0.118	0.439	1.34579901149711e-12
Uqcrc1	1.02831008855103e-16	-0.492267574666361	0.086	0.393	1.37906665975578e-12
Smim14	1.04956083870458e-16	-0.407674856227793	0.041	0.319	1.40756604078672e-12
Crispld2	1.06471288526512e-16	-0.826744954562136	0.081	0.376	1.42788645042905e-12
Fosl1	1.08033149710098e-16	-0.689056894103729	0.118	0.428	1.44883257076212e-12
Mydgf	1.2062032890126e-16	-0.319849693778409	0.05	0.331	1.6176392308948e-12
Tceal8	1.46216991344653e-16	-0.580228922174789	0.041	0.308	1.96091607092314e-12
Pdlim1	1.70372129002349e-16	-0.51389391852536	0.059	0.339	2.28486062205051e-12
H2afy	1.82512054368687e-16	-0.439670235191487	0.109	0.428	2.44766916113846e-12
X1110008P14Rik	1.83266205214787e-16	-0.696987613739203	0.059	0.334	2.45778307813551e-12
Eif4g2	1.91765605811664e-16	-0.367716192937148	0.335	0.746	2.57176853954023e-12
Snrpf	1.96198916456341e-16	-0.555385820881727	0.036	0.302	2.63122366859599e-12
Cyc1	2.23327032853224e-16	-0.462156856724311	0.077	0.37	2.99503883759458e-12
Hsd17b12	2.28525061445148e-16	-0.409560959018277	0.068	0.358	3.06474959904087e-12
Serf2	2.42954685284852e-16	-0.471544096051333	0.068	0.354	3.25826528435515e-12
Tmem258	2.5511133360989e-16	-0.292452415269892	0.054	0.334	3.42129809504223e-12
X2010107E04Rik	2.56778275259242e-16	-0.431152215687321	0.054	0.332	3.44365344950169e-12
Sec13	2.66556488218871e-16	-0.44238261280742	0.109	0.415	3.57478906350328e-12
Mdh1	2.67202946533609e-16	-0.519109100336195	0.054	0.327	3.58345871596223e-12
Timm17a	2.79520286265515e-16	-0.538821359950128	0.036	0.3	3.74864655910682e-12
Mrpl20	2.87208230836534e-16	-0.495279090935401	0.041	0.307	3.85174958374876e-12
Pros1	2.94376692704129e-16	-0.580133969943063	0.068	0.349	3.94788582585508e-12
Aprt	3.09645488059286e-16	-0.282002232724986	0.145	0.477	4.15265564036308e-12
Cnpy2	3.60217361596029e-16	-0.532720432422189	0.018	0.268	4.83087503636435e-12
Lgals3	3.63356014141316e-16	-0.544521638290198	0.385	0.744	4.87296750564919e-12
Ahnak	3.63525909220687e-16	-0.334727381365595	0.339	0.732	4.87524596855863e-12
Tfg	3.66600876939154e-16	-0.419520255310639	0.09	0.391	4.916484360631e-12
Aldh2	3.88702323923714e-16	-0.560026674515327	0.032	0.286	5.21288686614093e-12
Ssr1	4.02205719944762e-16	-0.291523706900931	0.109	0.418	5.39398091017921e-12
Serpinb6a	4.12611934811372e-16	-0.38166012728904	0.149	0.481	5.53353865775531e-12
Rnf187	4.38411373912046e-16	-0.591752840103144	0.041	0.3	5.87953493553444e-12
St13	4.56776703060725e-16	-0.346420335739258	0.068	0.354	6.12583236474738e-12
Stt3a	4.59005435599091e-16	-0.508381607665413	0.086	0.376	6.1557218968194e-12
Phc2	4.93404091747543e-16	-0.391842864838051	0.113	0.426	6.6170422744263e-12
Klf4	5.00484798500072e-16	-0.480050939253829	0.172	0.495	6.71200163268447e-12
Ccdc23	5.16037539484662e-16	-0.468168138423311	0.032	0.29	6.9205794420288e-12
Ppp2r1a	5.32128461660391e-16	-0.269891491500234	0.104	0.42	7.1363747993275e-12
Gsto1	5.67014950679834e-16	-0.297939595864447	0.127	0.45	7.60423750356725e-12
Cyb5a	5.87914061787371e-16	-0.568262969586323	0.054	0.324	7.88451548263043e-12
Psmb3	5.98828138715793e-16	-0.391877644907795	0.054	0.329	8.0308841683175e-12
Csnk1d	6.08558027574364e-16	-0.252222237638072	0.176	0.538	8.1613717077998e-12
Capg	6.3161293946526e-16	-0.302038362223294	0.158	0.499	8.4705611311686e-12
Tubb2b	6.58785324957957e-16	-0.606478918674809	0.036	0.29	8.83496999301116e-12
Rab21	6.61508419724731e-16	-0.296085165108689	0.095	0.393	8.87148941692836e-12
Erp44	7.93787813293713e-16	-0.4412164481818	0.059	0.331	1.0645488364082e-11
Rexo2	8.07070674581787e-16	-0.526255149409596	0.032	0.287	1.08236248168163e-11
Adam9	8.43903799226574e-16	-0.480721952979706	0.059	0.328	1.13175938514276e-11
Ndufb10	8.45312579767328e-16	-0.418945808335431	0.045	0.314	1.13364870072596e-11
Tm9sf2	9.40173196797501e-16	-0.284652154599213	0.072	0.358	1.26086627422513e-11
Aco2	9.71611820941558e-16	-0.416418173216801	0.09	0.389	1.30302861306472e-11
Kpnb1	9.75739189312867e-16	-0.319145091559591	0.077	0.374	1.30856382678749e-11
X2410015M20Rik	1.07702345700848e-15	-0.468214385593194	0.041	0.304	1.44439615819408e-11
Sec22b	1.26191152799045e-15	-0.462034185193217	0.018	0.262	1.692349550188e-11
S100a13	1.26216149403787e-15	-0.517402475504291	0.05	0.313	1.69268477965418e-11
Grb2	1.27763856758005e-15	-0.311443030061726	0.118	0.428	1.7134410829816e-11
Rsu1	1.280912407917e-15	-0.469404057730196	0.036	0.292	1.71783163025749e-11
Dync1h1	1.37801814480271e-15	-0.336760788583138	0.181	0.533	1.84806013399491e-11
Txndc5	1.39031782455961e-15	-0.31043763546358	0.104	0.411	1.86455523451689e-11
Thy1	1.40578173025368e-15	-1.22112191138971	0.068	0.328	1.88529387844321e-11
Psmb2	1.44942436521177e-15	-0.307678580368303	0.063	0.338	1.94382301618551e-11
Mgat2	1.46191977768376e-15	-0.46961298795726	0.05	0.309	1.9605806138517e-11
Tmem33	1.64928637569201e-15	-0.441847131485471	0.045	0.309	2.21185795844056e-11
Mbnl1	1.71272584125065e-15	-0.650111011943821	0.09	0.373	2.29693662570125e-11
Zfp36l1	1.82180087515001e-15	-0.264827028264246	0.235	0.605	2.44321715366368e-11
S100a16	1.84207928627381e-15	-0.488474807621751	0.127	0.437	2.4704125308218e-11
Idh3b	1.85786401728177e-15	-0.266658377495201	0.054	0.326	2.49158143357659e-11
Emc10	1.88017852384936e-15	-0.414978657512885	0.063	0.331	2.52150741833438e-11
Abhd17a	1.94094397701761e-15	-0.564275163261761	0.041	0.296	2.60299996757832e-11
Tmed2	2.02363055327489e-15	-0.391306883940279	0.054	0.32	2.71389093499696e-11
Palld	2.06897721071511e-15	-0.452106685445155	0.113	0.411	2.77470533729003e-11
Paics	2.10118837502585e-15	-0.421917194756498	0.05	0.312	2.81790372974716e-11
Ap1s1	2.10941408091798e-15	-0.495726323021956	0.045	0.304	2.8289352239191e-11
Pdcl3	2.16080111251464e-15	-0.415542327087944	0.054	0.322	2.89785037199338e-11
Jup	2.28531342135345e-15	-0.465261970368488	0.086	0.368	3.06483382937711e-11
Mapk3	2.29788428694457e-15	-0.286840665433824	0.05	0.315	3.08169261722137e-11
Pfdn1	2.30549527940178e-15	-0.520095090927372	0.05	0.312	3.09189971920573e-11
Col4a1	2.37812912504756e-15	-0.936586878651115	0.14	0.436	3.18930896960128e-11
Ppp2r5c	2.49974255417681e-15	-0.384689566356116	0.036	0.292	3.35240473940652e-11
Twsg1	2.53369779789655e-15	-0.499494323681002	0.045	0.303	3.39794211675906e-11
Fstl1	2.53666381902104e-15	-1.43383051534561	0.086	0.343	3.40191984768912e-11
Psma5	2.65889168456077e-15	-0.300238398564756	0.077	0.355	3.56583963816445e-11
Tomm7	2.82846101282666e-15	-0.282464276624528	0.063	0.333	3.79324906430183e-11
Plet1	3.13677795972313e-15	-1.03777007372907	0.136	0.42	4.20673292178469e-11
Pofut2	3.18968236703007e-15	-0.278400120286638	0.1	0.396	4.27768302242403e-11
Cdipt	3.35801792374427e-15	-0.534595151279755	0.045	0.301	4.50343783753344e-11
Nhp2	3.74615165340088e-15	-0.473036189484411	0.072	0.344	5.02396398237592e-11
Ubl3	3.77812321552185e-15	-0.253238902841875	0.095	0.391	5.06684104433635e-11
Ctsz	3.79987495123911e-15	-0.373954013667559	0.222	0.578	5.09601229710677e-11
Coro1b	3.88139457859176e-15	-0.360554172081035	0.131	0.435	5.20533826934941e-11
D17Wsu92e	3.95143782208237e-15	-0.345700133707035	0.063	0.331	5.29927326319467e-11
Elavl1	4.00275087925351e-15	-0.310348525180466	0.113	0.419	5.36808920416688e-11
Ndufc2	4.03871299768738e-15	-0.583644646159592	0.032	0.273	5.41631800119855e-11
Csnk2b	4.3276430824278e-15	-0.253078119853594	0.05	0.307	5.80380213784393e-11
March5	4.61006943146156e-15	-0.39424039900864	0.05	0.306	6.18256411453309e-11
Gltscr2	4.62362531610492e-15	-0.331442571362732	0.09	0.374	6.20074391142831e-11
Eif3c	4.91442870354365e-15	-0.334843693718451	0.09	0.377	6.59074033432239e-11
Ly6a	5.50483770338158e-15	-1.22283487440598	0.063	0.317	7.38253784400504e-11
Mpc2	5.56540623382611e-15	-0.296848606871968	0.068	0.337	7.4637663001842e-11
Psmd7	5.81156739486496e-15	-0.335703413741381	0.09	0.372	7.7938930332534e-11
Col4a2	6.00828015721147e-15	-0.830541677726843	0.1	0.379	8.0577045188363e-11
Fbln2	6.1043737007303e-15	-0.418584428004573	0.186	0.508	8.18657557004941e-11
Rap1a	6.31692426434526e-15	-0.318201665180023	0.068	0.338	8.47162713091343e-11
Fam195b	6.54871220546303e-15	-0.433113725802164	0.041	0.29	8.78247793874647e-11
Sdf2	6.56653159989505e-15	-0.395468789276483	0.127	0.434	8.80637552861925e-11
Cndp2	6.73164491731134e-15	-0.405870111300436	0.113	0.402	9.02780899860623e-11
Nudt3	6.76925273514449e-15	-0.42393388133436	0.05	0.308	9.07824484310228e-11
Ndufb2	7.30010998420987e-15	-0.495210856370024	0.05	0.302	9.79017749982385e-11
Gaa	7.43240316401226e-15	-0.445543048503724	0.063	0.329	9.96759588325685e-11
Emc6	8.21009666188206e-15	-0.414084071677055	0.045	0.298	1.101056063325e-10
Pgls	8.31164446704192e-15	-0.361809007918724	0.1	0.384	1.11467463947499e-10
Bud31	8.7395371869721e-15	-0.252517675620117	0.086	0.365	1.17205933214483e-10
Wbp2	9.37198870325171e-15	-0.330625156273368	0.077	0.356	1.25687740499309e-10
Myc	9.77855234447551e-15	-0.37097648680013	0.077	0.347	1.31140165491761e-10
Ogdh	9.98478153697975e-15	-0.371633414017651	0.09	0.379	1.33905905192435e-10
Papss1	1.02382620686977e-14	-0.426202565819439	0.041	0.283	1.37305332603305e-10
Fxyd3	1.06187664434669e-14	-1.04491267265309	0.077	0.333	1.42408276773334e-10
Cwc15	1.06734314682676e-14	-0.406624924284218	0.05	0.306	1.43141389420936e-10
Ckap4	1.0901043762806e-14	-0.555692476131572	0.109	0.395	1.46193897902991e-10
Dynlt3	1.16098875438009e-14	-0.524621597490816	0.032	0.269	1.55700201849914e-10
Hnrnpl	1.16324382770484e-14	-0.326168496690341	0.127	0.438	1.56002629733497e-10
Pgrmc1	1.22975410266856e-14	-0.346455349452536	0.054	0.312	1.64922322708881e-10
Eif3l	1.25925119470291e-14	-0.387826680998124	0.09	0.37	1.68878177721608e-10
Fam3c	1.29455561298236e-14	-0.536613994780088	0.041	0.283	1.73612853257064e-10
Eif4g1	1.37617744165173e-14	-0.261769370102413	0.109	0.409	1.84559156699914e-10
Psma6	1.44475541785557e-14	-0.353934298198811	0.063	0.322	1.93756149088611e-10
Mrps6	1.45580905176017e-14	-0.425155558565263	0.054	0.306	1.95238551931556e-10
Psme1	1.49087967868797e-14	-0.346009889594941	0.068	0.333	1.99941873708843e-10
Srprb	1.52258343067685e-14	-0.354038323536917	0.041	0.283	2.04193663888072e-10
Lrpap1	1.75007721911912e-14	-0.553953010880036	0.032	0.264	2.34702855856066e-10
Cuta	1.79651333795954e-14	-0.352427451771902	0.045	0.293	2.40930403753753e-10
Hist1h2bc	1.86901954367823e-14	-0.552762754083269	0.036	0.282	2.50654211002688e-10
H2afv	1.92342222406304e-14	-0.578737157722038	0.041	0.284	2.57950154469094e-10
Atf5	1.94564618966864e-14	-0.43134851279668	0.068	0.322	2.60930610496461e-10
Lamb1	2.04947233049066e-14	-0.482856483904749	0.104	0.382	2.74854734242102e-10
X1500015O10Rik	2.13285708733032e-14	-1.26566213731691	0.068	0.312	2.86037463981869e-10
Mbd3	2.15550628167359e-14	-0.461843191891087	0.072	0.337	2.89074947435246e-10
Rhoq	2.23063344229684e-14	-0.265186552752965	0.09	0.366	2.99150250946429e-10
Emc7	2.35763568739569e-14	-0.27965497030459	0.036	0.281	3.16182522036636e-10
Copb2	2.57151952188963e-14	-0.28943361940789	0.095	0.371	3.44866483080618e-10
Mlec	2.57281724160777e-14	-0.298406529265768	0.086	0.365	3.45040520272018e-10
Arhgap1	2.61347979834761e-14	-0.418569906854469	0.041	0.281	3.50493775756397e-10
Axl	2.77443065400424e-14	-0.39756535325297	0.158	0.458	3.72078895008509e-10
Cers2	2.82492021606406e-14	-0.2846849301256	0.109	0.399	3.78850050176351e-10
Gpx4	2.92725635342296e-14	-0.44777804713104	0.032	0.268	3.92574349557553e-10
Srp19	2.96674005729169e-14	-0.351236662102294	0.063	0.323	3.97869509083388e-10
Sdhd	2.98578178731092e-14	-0.297922055508742	0.063	0.319	4.00423195496267e-10
Cfdp1	3.01896048466131e-14	-0.486696966821841	0.032	0.266	4.04872790597929e-10
Rassf1	3.07558313167352e-14	-0.302250220539462	0.081	0.352	4.12466453788736e-10
Cyth2	3.07804411929187e-14	-0.315047211279954	0.104	0.386	4.12796496838233e-10
Tkt	3.08563795531046e-14	-0.367201404815642	0.059	0.315	4.13814906186686e-10
Emc3	3.08956654170471e-14	-0.406055335862686	0.045	0.286	4.14341768908018e-10
Mtch2	3.25416063394875e-14	-0.279445734602003	0.05	0.295	4.36415482618866e-10
Sec11a	3.4089614284033e-14	-0.373919156610339	0.104	0.386	4.57175817163167e-10
Abcf1	3.44300255333786e-14	-0.457883027532363	0.05	0.292	4.61741072428141e-10
Copz1	3.47472106633017e-14	-0.284895096407876	0.059	0.313	4.65994842205539e-10
Mtdh	3.4986129615679e-14	-0.271744409401216	0.104	0.389	4.69198984275871e-10
Spp1	3.68535124863421e-14	-1.09288449588656	0.412	0.699	4.94242455954333e-10
Bloc1s1	3.72351883263515e-14	-0.425382155119965	0.041	0.283	4.99361110644700e-10
Smim7	3.7624131093398e-14	-0.36870985411012	0.036	0.271	5.04577222093561e-10
Tmem147	3.78136908391949e-14	-0.396243497372786	0.045	0.285	5.07119407844443e-10
Ccrn4l	3.90677205040093e-14	-0.355788549581517	0.113	0.4	5.23937199679268e-10
Hspa4	3.92812289795116e-14	-0.322039966299242	0.109	0.393	5.2680056184423e-10
Fkbp9	3.94012422453224e-14	-0.524231929070593	0.068	0.318	5.28410059752019e-10
Sptan1	3.94532905162705e-14	-0.292229876731617	0.217	0.561	5.29108079113703e-10
Scamp2	4.10506907884001e-14	-0.29469672618294	0.068	0.329	5.50530814163234e-10
Lbp	4.12891832611771e-14	-0.987849054585175	0.032	0.262	5.53729236715646e-10
Romo1	4.34201603855904e-14	-0.394046402934799	0.032	0.266	5.82307770931153e-10
Parva	4.38827172709399e-14	-0.392167242814899	0.054	0.3	5.88511121320575e-10
Lsm14a	4.40915103186506e-14	-0.45196401941377	0.068	0.322	5.91311244883423e-10
Chmp3	4.45381813293586e-14	-0.338554735291583	0.045	0.287	5.97301549808028e-10
Epcam	4.64758479992096e-14	-0.908352327377048	0.127	0.394	6.232875975174e-10
Gja1	5.01338730870686e-14	-0.476093418404371	0.118	0.398	6.72345371970677e-10
Nfix	5.16016403411745e-14	-0.35995191457796	0.054	0.303	6.92029598615491e-10
Yrdc	5.21006678072657e-14	-0.355329737172136	0.059	0.313	6.98722055963241e-10
Fasn	5.41231030108539e-14	-0.262183519596806	0.09	0.362	7.25844934478562e-10
Srxn1	5.71346806936861e-14	-0.427842596067324	0.136	0.429	7.66233202783024e-10
Vps25	5.75394951159354e-14	-0.497537560969102	0.036	0.265	7.7166216899981e-10
Plxdc2	5.76766259518569e-14	-0.575678524036546	0.032	0.262	7.73501230640352e-10
Snrpd1	5.81315748774685e-14	-0.373255618248499	0.045	0.288	7.7960255068173e-10
Ufm1	5.93875074682621e-14	-0.367756403198318	0.054	0.303	7.96445862656863e-10
Tnf	6.21350758540582e-14	2.90736333762472	0.312	0.157	8.33293502278775e-10
Stat3	6.343717072779e-14	-0.283039067310312	0.285	0.668	8.50755896630392e-10
Fos	6.41628858361576e-14	-0.283102291353842	0.235	0.566	8.6048846194871e-10
Galnt2	7.2047862746358e-14	-0.419953960139025	0.054	0.299	9.66233887291407e-10
Fbn1	7.265339543672e-14	-0.821239144737086	0.068	0.319	9.74354686201853e-10
Ndufv2	7.54785257136544e-14	-0.400756970369561	0.041	0.276	1.01224250834582e-09
Pbdc1	7.62800473744665e-14	-0.348116117286276	0.041	0.276	1.02299171533897e-09
Acly	8.0918156940873e-14	-0.277333868288935	0.1	0.375	1.08519340273405e-09
Selm	8.11058785346569e-14	-0.556359997291184	0.036	0.267	1.08771093702828e-09
Ehd4	8.28424870992773e-14	-0.495876025699388	0.036	0.267	1.11100059448841e-09
Snrpd2	8.91057334019891e-14	-0.526018711546855	0.032	0.255	1.19499699065408e-09
C1qtnf6	8.99866914971635e-14	-0.820369496827039	0.045	0.28	1.20681151966846e-09
Arl6ip1	9.33524753768912e-14	-0.282396685098474	0.063	0.314	1.25195004727949e-09
Rsl1d1	9.37732496858074e-14	-0.319491330209058	0.072	0.323	1.25759305153636e-09
Clstn1	9.52638196174941e-14	-0.291933994162184	0.068	0.322	1.27758308489021e-09
Ralbp1	1.00363277846333e-13	-0.258940401402293	0.072	0.327	1.34597191919718e-09
Plod3	1.00911275625695e-13	-0.255876116355373	0.131	0.429	1.35332111741619e-09
Ndufb6	1.03482664660646e-13	-0.33566606816423	0.054	0.295	1.38780601576393e-09
Ptpra	1.20756694808495e-13	-0.371023874012071	0.041	0.273	1.61946803407673e-09
Herpud1	1.21762963862754e-13	-0.359591415525361	0.1	0.366	1.6329631083634e-09
Slc29a1	1.23094290467936e-13	-0.527291221092999	0.045	0.285	1.65081752946548e-09
Amfr	1.27880964937975e-13	-0.278557709648905	0.109	0.387	1.71501162078319e-09
Ap2a2	1.3198741039642e-13	-0.359936036333129	0.059	0.3	1.77008316082639e-09
Spry2	1.32755877802901e-13	-0.258595841936506	0.072	0.329	1.7803890772147e-09
Thoc7	1.33730536639531e-13	-0.477923358413253	0.045	0.278	1.79346022687275e-09
Glrx3	1.37601282175639e-13	-0.426380671280245	0.041	0.271	1.8453707952575e-09
Trappc4	1.45025990315291e-13	-0.341594585916007	0.072	0.324	1.94494355611837e-09
Ranbp1	1.53694906684621e-13	-0.35641860464969	0.077	0.339	2.06120239354745e-09
Bgn	1.60365686595873e-13	-1.57553912265602	0.113	0.343	2.15066422293725e-09
Fam96b	1.63396643506457e-13	-0.453027159872905	0.036	0.262	2.19131238606509e-09
Myof	1.70180467230063e-13	-0.351683191613332	0.1	0.371	2.28229024602237e-09
Arcn1	1.74399230811324e-13	-0.267261305615107	0.068	0.318	2.33886808441067e-09
Pls3	1.74799743484821e-13	-0.443987358162999	0.045	0.281	2.34423935987494e-09
Oxct1	1.77298524917459e-13	-0.399509833231003	0.05	0.279	2.37775051766804e-09
Col16a1	1.7806323880197e-13	-0.333389238847467	0.127	0.403	2.38800609557322e-09
Ilk	1.91658814005041e-13	-0.315534463984863	0.104	0.382	2.5703363546216e-09
Rcn2	1.95615916422854e-13	-0.318157924335678	0.063	0.305	2.62340505514689e-09
Tspan4	2.06725508865097e-13	-0.51416982780429	0.095	0.354	2.77239579938982e-09
Eid1	2.07924320345182e-13	-0.463542024589539	0.036	0.259	2.78847306014924e-09
Ext2	2.28532379979553e-13	-0.434755588939883	0.045	0.279	3.06484774790579e-09
Copb1	2.29102992921012e-13	-0.278635549272896	0.109	0.383	3.0725002380637e-09
Clu	2.37744978478505e-13	-1.13100926895613	0.095	0.342	3.18839790637523e-09
Plat	2.40360317908741e-13	-0.415265448624763	0.104	0.373	3.22347222347413e-09
Mgp	2.55389472997923e-13	-1.66998944013456	0.032	0.254	3.42502822237514e-09
Prkcdbp	2.59516261101141e-13	-0.375144709782842	0.045	0.275	3.4803725776274e-09
H2.D1	2.59756335665319e-13	-0.443648048828929	0.62	0.929	3.48359221760759e-09
Med28	2.61511513109966e-13	-0.284734402846707	0.072	0.325	3.50713090231776e-09
Cand1	2.72338814825533e-13	-0.341322376590684	0.086	0.344	3.65233584562523e-09
Gtf2h5	2.76049000250494e-13	-0.460456076220743	0.045	0.271	3.70209314235937e-09
Caprin1	2.87267977735082e-13	-0.392002681971699	0.063	0.301	3.85255084940518e-09
Ppa1	2.94585298689675e-13	-0.317680305086512	0.072	0.329	3.95068344072723e-09
Ppic	3.0510851123215e-13	-0.757045229947832	0.113	0.371	4.09181024413436e-09
Sri	3.15859429691699e-13	-0.288185002584708	0.086	0.335	4.23599081159538e-09
Smap1	3.16814890324404e-13	-0.342896067893128	0.072	0.322	4.24880449414058e-09
Matr3	3.29306754273335e-13	-0.256449997118207	0.1	0.358	4.41633288155969e-09
Hspa1b	3.30644335939616e-13	-0.456435470147701	0.199	0.502	4.43427118928619e-09
Lsm4	3.47607221248187e-13	-0.379175575331169	0.063	0.301	4.66176044415944e-09
Akirin2	3.5705315363206e-13	-0.375897227200876	0.059	0.298	4.78843984335956e-09
Tbcb	3.79139752958311e-13	-0.405893363120139	0.054	0.286	5.0846432269239e-09
Ppt1	3.91536997896657e-13	-0.471772343760931	0.036	0.258	5.25090267879207e-09
Slc35e4	3.91564801912905e-13	-0.324100317615946	0.054	0.288	5.25127555845397e-09
Sulf2	3.96536080129691e-13	-0.336022527768402	0.054	0.289	5.31794537061929e-09
Sh3pxd2b	3.99635478879048e-13	-0.283339982410943	0.109	0.373	5.35951140724692e-09
Fkbp2	4.10219933074441e-13	-0.378063155792515	0.054	0.292	5.50145952246133e-09
Rcn3	4.1080657264913e-13	-0.697898689503598	0.054	0.284	5.50932694579748e-09
Cyr61	4.86294463808524e-13	-0.45370176223483	0.145	0.421	6.52169505413612e-09
Gpc1	5.2549288076171e-13	-0.297998929615911	0.118	0.383	7.04738502389529e-09
Rras	5.6091985339233e-13	-0.359698895450876	0.05	0.279	7.52249615384454e-09
Hspa1a	6.18640616049178e-13	-0.503116279427112	0.131	0.399	8.29658930183552e-09
Mex3c	6.2615093492671e-13	-0.270061172054171	0.081	0.33	8.3973101883021e-09
Tmem160	6.47753702872019e-13	-0.342548217770916	0.041	0.259	8.68702490921664e-09
Clcn4.2	6.52311373006124e-13	-0.301720079553087	0.09	0.348	8.74814782338513e-09
Sdha	6.64611217763736e-13	-0.336932572708786	0.068	0.309	8.91310104142947e-09
Asah1	6.80349417759867e-13	-0.352574167073675	0.054	0.285	9.12416604157758e-09
Actr1a	6.90964532050673e-13	-0.269223836676452	0.09	0.352	9.26652533933158e-09
Arhgef12	7.02883739075187e-13	-0.282714787046916	0.059	0.295	9.42637382473733e-09
Cacybp	7.10589309964844e-13	-0.389714887683908	0.072	0.317	9.52971323593852e-09
Acot7	7.10909738251792e-13	-0.449192676805271	0.068	0.307	9.53401049969478e-09
Gtf2i	7.13415026921363e-13	-0.316118562963928	0.041	0.262	9.5676089260424e-09
Ppp2r4	7.15647758121494e-13	-0.500390999952916	0.05	0.271	9.59755208416736e-09
Use1	7.26858362699984e-13	-0.275107059417627	0.077	0.331	9.74789750216948e-09
Cpe	7.29169256420418e-13	-0.89495624771194	0.077	0.313	9.77888889785422e-09
Nsfl1c	7.31662853224514e-13	-0.439867232745171	0.036	0.252	9.81233052459395e-09
Ywhah	7.58663167928621e-13	-0.360666102326279	0.05	0.281	1.01744317450907e-08
G3bp2	7.77011189368489e-13	-0.362599312856959	0.054	0.286	1.04204970606208e-08
Pdia4	8.08862688114522e-13	-0.48006300076746	0.045	0.267	1.08476575103039e-08
Necap2	8.15288418904338e-13	-0.445352755952164	0.059	0.29	1.09338329859261e-08
Nrp1	8.23756502879123e-13	-0.538648752788429	0.041	0.257	1.10473984601119e-08
Timm8b	8.26583302870374e-13	-0.479561456754044	0.041	0.258	1.10853086747946e-08
Rab31	8.44750741665902e-13	-0.271549866996196	0.077	0.319	1.13289521964814e-08
Otub1	8.609684302954e-13	-0.396938737722375	0.059	0.291	1.15464476186916e-08
C1qbp	8.86727878701405e-13	-0.353000368856446	0.041	0.26	1.18919075812645e-08
Fem1b	8.99094718475109e-13	-0.318508804092448	0.041	0.264	1.20577592694697e-08
Ptrf	9.32380954955701e-13	-0.45211861721575	0.095	0.345	1.25041609869109e-08
Fscn1	1.00178442484481e-12	-0.513153709594218	0.081	0.331	1.34349309215937e-08
Mmp2	1.01681661738496e-12	-0.978027752355885	0.095	0.331	1.36365276557497e-08
Fuca1	1.03054573220481e-12	-0.374263798516494	0.041	0.259	1.38206488145987e-08
Dcn	1.07550236010687e-12	-1.99212463293703	0.059	0.274	1.44235621513933e-08
Rnf130	1.08831959783758e-12	-0.373267674278907	0.05	0.271	1.45954541265997e-08
Nid1	1.16296610652014e-12	-0.425852297855344	0.081	0.327	1.55965384545416e-08
X2810428I15Rik	1.21668063875027e-12	-0.384576140826449	0.036	0.252	1.63169040462798e-08
Add1	1.31420635882693e-12	-0.347581323484033	0.05	0.277	1.7624821478228e-08
Cd151	1.43148471951442e-12	-0.408673125840868	0.072	0.318	1.91976415734079e-08
Klhl21	1.54871425279241e-12	-0.444498033260296	0.1	0.353	2.0769806844199e-08
Pcyt1a	1.55045656193403e-12	-0.380874662208435	0.05	0.273	2.07931729520973e-08
Hexa	1.59050721193047e-12	-0.385648239058874	0.118	0.376	2.13302922191995e-08
Tmco1	1.60183854749653e-12	-0.32375148777497	0.05	0.27	2.1482256760476e-08
Cttnbp2nl	1.60422212763842e-12	-0.417161931942631	0.05	0.266	2.15142229537589e-08
Serpinf1	1.61431574833241e-12	-0.847181593394146	0.09	0.325	2.16495885008859e-08
Anapc5	1.69438183477049e-12	-0.258349910184718	0.086	0.335	2.27233547861071e-08
Oaf	1.71386804931948e-12	-0.547304282622195	0.1	0.347	2.29846844094236e-08
Cox14	1.84072546283176e-12	-0.306514399198651	0.036	0.254	2.46859691820368e-08
Ucp2	1.84979716707149e-12	-0.27766332479767	0.063	0.299	2.48076298075958e-08
Cebpd	1.87124985657706e-12	-0.525273566892633	0.059	0.288	2.50953318265549e-08
Nucks1	2.08417456233265e-12	-0.316388454729152	0.072	0.309	2.79508650554432e-08
Ppp3r1	2.1179998411844e-12	-0.376320567945617	0.041	0.252	2.8404495870124e-08
H2afz	2.22152565080029e-12	-0.36397091842125	0.063	0.294	2.97928805028827e-08
Esyt1	2.36283888813527e-12	-0.369287107363963	0.068	0.299	3.16880323287821e-08
Hspd1	2.57004127907512e-12	-0.363970974362937	0.068	0.299	3.44668235936764e-08
Anp32b	2.61074688301811e-12	-0.281618440738825	0.054	0.28	3.50127264481559e-08
Sf3b5	2.64089749074009e-12	-0.255024455748971	0.045	0.263	3.54170762483154e-08
Uqcrc2	2.6562082163836e-12	-0.403503110000323	0.045	0.259	3.56224083899204e-08
Klf5	2.66334134325705e-12	-0.396105313330457	0.077	0.309	3.57180707544203e-08
Got1	2.75473958500858e-12	-0.420335498628634	0.063	0.296	3.694381257455e-08
Colgalt1	2.78721699620932e-12	-0.373047635892628	0.086	0.323	3.73793671361632e-08
Pdha1	2.82917010528738e-12	-0.268783268054334	0.072	0.309	3.79420002820091e-08
Gng10	3.19203006060115e-12	-0.260825696171436	0.063	0.29	4.28083151427221e-08
Adam10	3.1949810257824e-12	-0.352216045022189	0.054	0.275	4.28478905367678e-08
Zc3h15	3.32602605517896e-12	-0.278443678056349	0.063	0.294	4.4605335426005e-08
Prpf19	3.53999627895e-12	-0.304540657593086	0.063	0.294	4.74748900969985e-08
Bcl2a1b	3.72492392449938e-12	1.52840020347367	0.253	0.116	4.99549547514611e-08
Cxcl14	3.75837831274457e-12	-1.33192828202893	0.077	0.3	5.04036115522174e-08
Dnajc8	3.79962316446107e-12	-0.263908586208015	0.077	0.31	5.09567462585875e-08
Polr2e	4.12024381512518e-12	-0.396897654206943	0.054	0.278	5.52565898046438e-08
Ak1	4.30675973845228e-12	-0.303896101903062	0.154	0.439	5.77579548523835e-08
Hras	4.40472868227684e-12	-0.301891446768544	0.081	0.324	5.90718163580146e-08
Ppm1g	4.43882756712751e-12	-0.404798551992942	0.059	0.282	5.9529116502747e-08
X2510039O18Rik	4.81166440819429e-12	-0.291193624448452	0.05	0.264	6.45292313782936e-08
Serping1	4.99649066787706e-12	-1.19779117168308	0.109	0.328	6.70079363468992e-08
Rnf7	5.43002123426841e-12	-0.318557526206764	0.041	0.252	7.28220147727736e-08
Csrp2	5.84002625608409e-12	-0.569262832696726	0.068	0.287	7.83205921203437e-08
Dusp3	6.38301263717257e-12	-0.420004590245789	0.045	0.256	8.56025824771214e-08
Cyfip1	6.88893400136516e-12	-0.319254154944014	0.068	0.296	9.23874938923081e-08
Itgav	6.92570816595875e-12	-0.261523024713966	0.145	0.419	9.28806722136728e-08
Tmem109	7.110074901884e-12	-0.425401327254153	0.045	0.252	9.53532145091663e-08
Spg21	7.25123175760528e-12	-0.301255631048168	0.045	0.255	9.72462691012445e-08
Pla1a	7.42058838568462e-12	-0.625257313521334	0.045	0.256	9.95175108404165e-08
Fads3	7.87863757519076e-12	-0.436542449650097	0.077	0.301	1.05660408520883e-07
Efemp2	8.26408453239145e-12	-0.279396085495928	0.077	0.309	1.10829637663902e-07
Sdc1	8.58782546793942e-12	-0.326143862641699	0.226	0.528	1.15171327350536e-07
Plod1	8.71179382807241e-12	-0.255736836992826	0.063	0.285	1.16833867028279e-07
Senp6	8.72440801404371e-12	-0.253106258226503	0.086	0.321	1.1700303587634e-07
Ddx54	8.76248084445963e-12	-0.372830386801104	0.072	0.297	1.17513630605048e-07
Tmsb4x	9.01874534542613e-12	-0.432504515225459	0.674	0.959	1.2095039382751e-07
Cfh	9.46222763118947e-12	-0.610363007893642	0.045	0.254	1.26897934761882e-07
Usp14	1.00543493770823e-11	-0.371230309305138	0.045	0.253	1.34838879496051e-07
Tnfrsf21	1.00853281394696e-11	-0.42846096035904	0.045	0.252	1.35254335678427e-07
Col5a2	1.06563572791187e-11	-0.971326319839026	0.122	0.344	1.42912407470261e-07
Uap1	1.08627950515386e-11	-0.409068163953297	0.118	0.368	1.45680944436184e-07
Fbxw11	1.1481019522575e-11	-0.250608717631895	0.095	0.335	1.53971952817253e-07
B4galt5	1.20193385539538e-11	-0.292136133483084	0.14	0.395	1.61191349347074e-07
Rcc2	1.24309711829701e-11	-0.285198393101165	0.104	0.353	1.66711754534812e-07
Serpina3n	1.32236694007244e-11	-1.05204229986864	0.05	0.257	1.77342630333115e-07
Scarb2	1.35485578094051e-11	-0.369956241185565	0.059	0.272	1.81699708781931e-07
Max	1.37944216281585e-11	-0.275213006608397	0.054	0.264	1.84996988455234e-07
Mrpl14	1.4002920482141e-11	-0.390563069748087	0.05	0.258	1.87793166585992e-07
Chmp5	1.46476414909597e-11	-0.301355088558707	0.05	0.26	1.96439520035261e-07
Nbl1	1.58337274130445e-11	-0.403513004362744	0.122	0.361	2.12346118336339e-07
Myo1e	1.67484037363411e-11	-0.344359931650915	0.095	0.332	2.2461284250807e-07
Adss	1.77514149676142e-11	-0.278643192994291	0.05	0.259	2.38064226130674e-07
Sdc3	2.19851768474595e-11	-0.334821499026609	0.063	0.282	2.9484320670128e-07
Rcn1	2.20627774278314e-11	-0.385877842343396	0.104	0.337	2.95883908084647e-07
Man1a	2.21283285172225e-11	-0.422813167033474	0.059	0.265	2.96763013744471e-07
Ccdc80	2.25665023279208e-11	-0.817168291575067	0.059	0.268	3.02639362719746e-07
Ssrp1	2.27834119412733e-11	-0.313383380371908	0.072	0.294	3.05548337544416e-07
Mfsd1	2.37736288244817e-11	-0.261977825295274	0.063	0.281	3.18828136165124e-07
Rpl35a	2.38502205602622e-11	-0.342298806420097	0.05	0.258	3.19855307933676e-07
Smarca4	2.40273426842117e-11	-0.265540898099572	0.1	0.341	3.22230692737963e-07
Eva1b	2.48412274295596e-11	-0.255904634410949	0.068	0.287	3.33145701057824e-07
Ccm2	2.65076372401569e-11	-0.363734605645898	0.054	0.265	3.55493923027744e-07
Col8a1	2.69859373489976e-11	-0.726843811534103	0.09	0.314	3.61908405787407e-07
Cttn	2.71723644891946e-11	-0.253745859871776	0.127	0.381	3.64408580164588e-07
Lmnb1	2.71819819679384e-11	1.5424679317403	0.253	0.123	3.64537560172022e-07
Scpep1	2.87981195930469e-11	-0.294072429578314	0.081	0.309	3.86211581862352e-07
Ank	2.94217305227425e-11	-0.459446686830516	0.063	0.276	3.94574828040499e-07
Snx5	2.98488078423435e-11	-0.31800275073736	0.104	0.345	4.00302361973668e-07
Snd1	2.99616402638271e-11	-0.341784249736552	0.063	0.276	4.01815557578185e-07
Ugdh	3.25809858724258e-11	-0.273451156085242	0.113	0.355	4.36943601535103e-07
Plod2	3.26196212615815e-11	-0.285920390944174	0.054	0.26	4.3746174073907e-07
Rdx	3.38186038662229e-11	-0.29576991978709	0.068	0.284	4.53541296449915e-07
Abce1	3.49147554311793e-11	-0.352236481732505	0.059	0.267	4.68241785087545e-07
Lhfp	3.61275292542139e-11	-0.384840229611718	0.054	0.266	4.84506294828263e-07
Rtcb	3.76838726266343e-11	-0.260596061162625	0.059	0.269	5.05378415795793e-07
Psmd14	3.90544824570778e-11	-0.379353625327442	0.05	0.253	5.2375966423187e-07
Cd274	4.24942534208675e-11	1.71673849206597	0.258	0.127	5.69890432627253e-07
Col6a2	4.53642283645687e-11	-0.881428383140189	0.095	0.314	6.08379666597231e-07
Bzw2	4.6952656271965e-11	-0.327645711962988	0.059	0.268	6.29682073263323e-07
Psmc5	4.78631070457167e-11	-0.316567853265801	0.063	0.274	6.41892128590106e-07
Ccr1	4.81997814726601e-11	1.53104667370144	0.317	0.18	6.46407269329844e-07
Gusb	4.88355579859616e-11	-0.541496378690244	0.068	0.275	6.54933668149731e-07
Rap2a	5.42923866005173e-11	-0.452529756725267	0.063	0.273	7.28115196699537e-07
Hypk	5.47913565969804e-11	-0.32198299757278	0.063	0.277	7.34806883322105e-07
Gna11	5.54830696213149e-11	-0.29009947378215	0.05	0.254	7.44083446691454e-07
Mrpl52	5.61595506936934e-11	0.33018827778747	0.131	0.403	7.53155734353123e-07
Cd302	6.67888497751368e-11	-0.329655588879669	0.054	0.259	8.9570526433436e-07
Gas6	6.8207831085661e-11	-0.537489514214933	0.054	0.257	9.147352226898e-07
Loxl1	7.00184333080228e-11	-0.619942061457557	0.072	0.28	9.39017209093893e-07
Mafb	7.35847690858536e-11	-0.620112680784394	0.072	0.281	9.86845338210383e-07
Fth1	8.53163641836295e-11	1.26414468845123	0.864	0.972	1.14417776006666e-06
Htra1	9.21182182834254e-11	-0.463861748391919	0.109	0.339	1.23539742539902e-06
Itpkc	9.33992786809739e-11	-0.396481616880167	0.054	0.257	1.25257772639054e-06
Ebp	9.44901118959426e-11	-0.306965659071449	0.063	0.269	1.26720689063649e-06
Ppap2c	9.57169380011188e-11	-0.330231225123224	0.068	0.277	1.283659855533e-06
H2.Ab1	1.02466201127575e-10	-1.11866079191885	0.086	0.295	1.3741742233219e-06
Ifi30	1.0288589760734e-10	-0.529214632753889	0.122	0.354	1.37980277281204e-06
Angptl2	1.03334547396917e-10	-0.269065541260363	0.095	0.314	1.38581961514006e-06
Scd2	1.13774574756777e-10	-0.251847305141937	0.063	0.27	1.52583082206314e-06
Lamb2	1.21516705657413e-10	-0.424565886718403	0.072	0.28	1.62966053957157e-06
Fblim1	1.28596584683749e-10	-0.262527654007753	0.072	0.289	1.72460879719376e-06
Pdap1	1.73811764855108e-10	-0.284103717184881	0.063	0.27	2.33098957847186e-06
Acadl	1.76528241374306e-10	-0.326788473127828	0.063	0.262	2.36742024507082e-06
Larp1	1.84827852289347e-10	-0.315735360865911	0.077	0.286	2.47872632705244e-06
Ets1	1.90401207621167e-10	-0.364572552945318	0.09	0.304	2.55347059540748e-06
Pxdn	1.93459439835864e-10	-0.281636513505581	0.086	0.302	2.59448454763877e-06
Sox9	1.99072942297407e-10	-0.353432963908874	0.113	0.337	2.66976722915052e-06
Pcolce	2.00816283004171e-10	-0.567197020378189	0.081	0.29	2.69314717136894e-06
Yipf5	2.01371060436662e-10	-0.285162808729302	0.072	0.28	2.70058729151607e-06
Qars	2.02882661633214e-10	-0.351289160563501	0.059	0.254	2.72085937516303e-06
Ifngr1	2.03439627593332e-10	-0.304412222144032	0.086	0.298	2.72832884565418e-06
Col3a1	2.04773300148862e-10	-1.16680465405289	0.14	0.341	2.74621472829638e-06
Yap1	2.12776868276086e-10	-0.323739689008886	0.068	0.267	2.85355058045059e-06
Mxra8	2.21578969552073e-10	-0.47231081098146	0.063	0.263	2.97159556066286e-06
Krt8	2.45870246765354e-10	-0.998115364600833	0.186	0.397	3.29736587937016e-06
F3	2.72725461823368e-10	-0.546942419339593	0.1	0.314	3.65752116851319e-06
Col6a1	2.81563198966196e-10	-0.815629187024555	0.118	0.329	3.77604406133565e-06
Pitpnb	3.00984163411185e-10	-0.292113401256807	0.068	0.267	4.0364986155074e-06
Cnih1	3.32720432764306e-10	-0.254185266282303	0.072	0.276	4.4621137238021e-06
Prss23	3.69153596539366e-10	-0.436357942010977	0.081	0.289	4.95071888318944e-06
Ss18	3.91692228853578e-10	-0.285253538217051	0.072	0.272	5.25298448115534e-06
Nup62	4.113571743162e-10	-0.254765731131796	0.072	0.273	5.51671106475455e-06
Vcan	4.12587094836544e-10	-0.270759947051089	0.09	0.296	5.53320552885289e-06
Emg1	5.23535668604412e-10	-0.345370166307209	0.068	0.263	7.02113685165377e-06
Pdpn	5.75262319031643e-10	-0.309457897107821	0.136	0.368	7.71484296053336e-06
Bmpr2	6.09805737908613e-10	-0.302087772474779	0.068	0.266	8.1781047510924e-06
Socs2	6.28813938713548e-10	-0.296742520705011	0.081	0.287	8.4330237320874e-06
Metrnl	6.57688663233348e-10	-0.250132313595821	0.081	0.291	8.82026266262243e-06
Perp	6.62936019456765e-10	-0.839674919521504	0.095	0.301	8.89063495693467e-06
Cpd	7.36304090853155e-10	-0.266079274923167	0.072	0.271	9.87457416243167e-06
Fam162a	8.07080067375418e-10	-0.310987280699159	0.081	0.288	1.08237507835717e-05
Tpm2	9.04462194224991e-10	-0.600032138155959	0.104	0.314	1.21297424867513e-05
Htra3	9.49237869194182e-10	-0.515896552046933	0.068	0.258	1.27302290637632e-05
B2m	9.93701501739494e-10	-0.273401263754935	0.683	0.958	1.33265308398284e-05
Rnf149	1.05123071969654e-09	1.31264996571872	0.548	0.535	1.40980551818503e-05
Tcf4	1.10480405272386e-09	-0.348456837643013	0.127	0.347	1.48165271510797e-05
Ptprf	1.29217750591043e-09	-0.370496603952526	0.081	0.28	1.73293925317647e-05
Bcas2	1.46597585133035e-09	-0.283713777796426	0.081	0.281	1.96602021421914e-05
Slc39a6	1.50269602126286e-09	-0.311775040282978	0.068	0.255	2.01526563411563e-05
Tars	1.6664026201533e-09	-0.26109051511052	0.077	0.271	2.23481255388759e-05
Sdc2	1.73992790835401e-09	-0.341940701753312	0.077	0.267	2.33341731789357e-05
Eprs	1.76861213344907e-09	-0.258120295615145	0.077	0.266	2.37188573216855e-05
Serpina3h	2.07100807528189e-09	-0.523279892031788	0.127	0.333	2.77742892976055e-05
Cpxm1	2.30057878500179e-09	-0.557021531686871	0.072	0.264	3.08530620856591e-05
Krt18	2.36845653269098e-09	-0.804911422688642	0.244	0.449	3.17633705599188e-05
Chpf	2.49152821551952e-09	-0.304804623854341	0.077	0.266	3.34138848983323e-05
H2.Aa	2.61739196853129e-09	-1.37141779028692	0.077	0.255	3.51018436899732e-05
Ctsb	2.72377738927208e-09	-0.316786525258637	0.511	0.847	3.65285785675278e-05
Tnfaip1	3.28765393604797e-09	-0.308536630273295	0.072	0.259	4.40907269363393e-05
Vmp1	3.6602886099942e-09	1.15139733440646	0.566	0.608	4.90881305486322e-05
Thbs2	3.72437114261236e-09	-0.577025631469182	0.127	0.327	4.99475413935743e-05
Prdx5	3.95944441851143e-09	0.38485482761938	0.163	0.422	5.31001090966568e-05
Itpripl2	4.55532475421411e-09	-0.27185570471398	0.09	0.288	6.10914602787655e-05
Apoe	5.03529961035885e-09	-1.20860804378403	0.149	0.347	6.75284030745226e-05
Hes1	5.75230687016074e-09	-0.285680679815184	0.072	0.254	7.71441874357256e-05
Col1a1	5.94519463714778e-09	-0.778540185575666	0.14	0.335	7.97310052787889e-05
Areg	6.56602527025976e-09	-0.667819316529877	0.109	0.3	8.80569648994536e-05
Nes	6.84969130395799e-09	-0.324225614574173	0.072	0.258	9.18612100773807e-05
Gm2a	9.69758512083121e-09	-0.319452432478097	0.127	0.338	0.000130054314055467
Gch1	1.03863481234373e-08	0.267834084304075	0.081	0.271	0.000139291314683418
Prdx6	1.04238431912566e-08	0.451857402946328	0.235	0.54	0.000139794161037943
Igfbp3	1.06914515746598e-08	-0.442021210861514	0.14	0.343	0.000143383057067763
Col12a1	1.09918504813521e-08	-0.555342512559116	0.122	0.316	0.000147411706805413
Bicd2	1.20824786243637e-08	-0.266886339750582	0.072	0.251	0.000162038120831342
Loxl3	1.35543611118069e-08	-0.290552605075081	0.077	0.259	0.000181777536870443
H2.K1	1.47716164848345e-08	-0.32494133263247	0.597	0.922	0.000198102148678116
Gadd45g	1.60759664739295e-08	0.281541373186203	0.172	0.406	0.000215594786381869
Spon1	1.63004555352699e-08	-0.530460948012051	0.1	0.28	0.000218605409183505
Adamts2	1.95129435911938e-08	-0.416634608188637	0.095	0.281	0.0002616880865015
Col5a1	1.97336492400135e-08	-0.429554011154694	0.118	0.309	0.000264647969957821
Ccnd1	2.42105627990166e-08	-0.534479820838856	0.081	0.259	0.000324687857697612
Ccl2	3.07391701849688e-08	-1.0984020509626	0.113	0.29	0.000412243011350616
Col1a2	3.36639397881152e-08	-0.918566326260387	0.217	0.388	0.000451467096498413
Gem	3.54877762371939e-08	-0.355492029825853	0.131	0.333	0.000475926567117007
Crem	4.0304252105821e-08	-0.581036903814898	0.113	0.304	0.000540520324991165
Krt7	5.57005488533941e-08	-0.451702242381004	0.131	0.317	0.000747000060672868
Cdh1	6.95174906357369e-08	-0.398966547531776	0.122	0.309	0.000932299066915867
Ereg	7.47124821777804e-08	-0.408525829753637	0.086	0.254	0.00100196909848621
Col18a1	7.9104535034769e-08	-0.368198133687709	0.136	0.33	0.00106087091935129
Ccl7	8.40026838286958e-08	-1.05315828298104	0.1	0.259	0.00112655999282664
Cd44	1.13108060310534e-07	0.776933448748221	0.665	0.752	0.00151689219682457
Marcksl1	1.1533219328679e-07	1.43913275813262	0.529	0.558	0.00154672004416914
Slc15a3	1.33170389787379e-07	1.06830553729158	0.299	0.19	0.00178594809743855
Piezo1	1.50866616853715e-07	0.307080389077376	0.267	0.557	0.00202327219862517
Esd	1.8593121521057e-07	0.448448872352432	0.222	0.482	0.00249352352718895
Nfkbiz	1.95557186875099e-07	1.33304539287244	0.516	0.517	0.00262261743318195
Col6a3	1.99169367370425e-07	-0.370324319908528	0.167	0.365	0.00267106038580477
Pqlc1	2.60987634310653e-07	0.321131654811275	0.154	0.364	0.00350010516374017
Cggbp1	2.67447035027422e-07	0.344493551042421	0.136	0.343	0.00358673218675276
Ell2	2.74528745288291e-07	0.276492810918808	0.163	0.387	0.00368170500306127
Atp6v1e1	2.83831231209444e-07	0.353403561969399	0.276	0.585	0.00380646064174986
Cldn4	2.85953379885948e-07	-0.672786247684141	0.109	0.272	0.00383492077765044
Tnc	3.24136740211816e-07	-0.296302087719604	0.231	0.449	0.00434699782298066
Nfil3	4.09292782984153e-07	0.310924272601714	0.1	0.281	0.00548902551260047
Malat1	4.14956086776831e-07	1.39237227069528	0.511	0.533	0.00556497607976408
Brd4	4.57996650540571e-07	0.263506415779522	0.145	0.352	0.0061421930803996
Gfpt2	4.91183702157224e-07	-0.467523670525587	0.1	0.259	0.00658726462963053
Sptlc2	5.37005388128297e-07	0.27944223855586	0.131	0.323	0.00720177926018859
Tceb1	5.54796359645613e-07	0.300281997010379	0.14	0.341	0.00744037397920732
Mat2a	5.7390073543113e-07	0.28334288126214	0.19	0.418	0.00769658276286689
Gclc	1.02373871098163e-06	0.274300041440171	0.118	0.297	0.0137293598529746
Grina	1.22636767421997e-06	1.43392094641575	0.421	0.38	0.016446816878964
Sfn	1.26735677600059e-06	-0.694518468339195	0.208	0.379	0.0169965217229439
Mmp13	1.39244998476028e-06	-0.889125962424202	0.145	0.309	0.0186741467456201
Xbp1	1.4229939181375e-06	0.538419645543919	0.235	0.495	0.019083771436142
Hipk1	1.77882706547872e-06	0.388399945035798	0.208	0.44	0.0238558497751351
Tnfaip3	2.26232917329723e-06	1.21353411825744	0.484	0.468	0.0303400965430892
Ccnl1	2.61698848136074e-06	1.05118915995814	0.548	0.612	0.0350964325235288
Klf13	2.91034528594857e-06	0.259407884013413	0.158	0.353	0.0390306406298562
Xrn2	3.16958822228966e-06	0.259122059798413	0.131	0.309	0.0425073476491266
Ndel1	4.05807529565519e-06	0.449752092544663	0.276	0.548	0.0544228477900317
Plin2	5.3347575991636e-06	0.280710547708037	0.235	0.469	0.0715444341623831
Nadk	5.38752905491789e-06	0.374051002118336	0.163	0.36	0.0722521521555039
Bcl3	5.74583256674266e-06	0.326997567439969	0.145	0.333	0.0770573605525858
Hectd1	6.82077466555788e-06	0.300766658495226	0.14	0.313	0.0914734090397967
Mxd1	6.8875447672458e-06	1.36570298565557	0.321	0.242	0.0923688628735335
Ssu72	7.33074899407339e-06	0.411974772717643	0.109	0.271	0.0983126747595182
Tgoln1	1.06615877801291e-05	0.426770354348165	0.235	0.472	0.142982553719311
Map2k4	1.10002368046267e-05	0.366412098194157	0.109	0.262	0.147524175786849
Hnrnph1	1.19216625564886e-05	0.263010687698215	0.312	0.599	0.159881416545068
Atp13a3	1.19517791787767e-05	0.256817036911457	0.226	0.466	0.160285310566574
Hbs1l	1.22949965247313e-05	0.271796356802674	0.109	0.259	0.164888198393172
Abi1	1.34802432491428e-05	0.282391612274678	0.217	0.435	0.180783542214254
Gpbp1	1.47626232229562e-05	0.340414313789121	0.167	0.354	0.197981540043066
Aebp2	2.25418280640153e-05	0.287420962034084	0.186	0.379	0.302308456166509
Wnk1	2.30953054006154e-05	0.485267368917573	0.226	0.449	0.309731140727653
Srsf2	2.98409362929214e-05	0.273554741322816	0.326	0.627	0.400196796624369
Tes	3.07236821809972e-05	0.277390336481617	0.249	0.489	0.412035301729354
Ehd1	3.32884168050603e-05	0.40369544679161	0.321	0.599	0.446430957772663
Adipor1	4.51039106019803e-05	0.464604326039661	0.176	0.365	0.604888545083158
Ptgs2	4.81539615274338e-05	1.19924295286036	0.425	0.405	0.645792778044415
Flnb	5.57988745994739e-05	0.328114372244528	0.276	0.529	0.748318707253544
Nrd1	6.09248074134418e-05	0.307735661126965	0.127	0.275	0.817062592221668
Riok3	6.11172664186573e-05	0.280580231326991	0.222	0.431	0.819643659940613
Col5a3	6.62860723416381e-05	0.275782507267332	0.167	0.323	0.888962516173708
Cd47	6.74855856204885e-05	0.372112573515433	0.19	0.37	0.905049188756371
Mbnl2	7.4568068332941e-05	0.320383776687887	0.303	0.576	1
Ifitm2	7.60407198312041e-05	0.80293680885872	0.204	0.413	1
St3gal1	8.40881827631827e-05	0.486982691570641	0.163	0.333	1
Pim1	8.4970537778764e-05	1.32801599869154	0.344	0.301	1
Tbc1d15	9.24110497934607e-05	0.397291081097504	0.113	0.251	1
Nudt4	9.32610851244836e-05	0.579021731709918	0.253	0.488	1
Tax1bp1	9.42405160338818e-05	0.424788360484934	0.258	0.494	1
Gadd45b	0.000112080069644403	1.19168759311628	0.475	0.499	1
Cpne1	0.000116226971948183	0.296885362014543	0.131	0.273	1
Snrnp70	0.000122343306363323	0.361396466392274	0.281	0.521	1
Srrm1	0.000139612978821786	0.307179748374157	0.154	0.311	1
Sgpl1	0.000141195407574561	0.316714800898466	0.258	0.47	1
Uhrf1bp1l	0.000144998092239225	0.283881432110688	0.131	0.274	1
Akap13	0.000146739599207371	0.311824799751074	0.213	0.395	1
Klf6	0.000149826677092574	0.26381835184933	0.385	0.682	1
Adrbk1	0.000150606189240461	0.456892111225336	0.158	0.313	1
Arglu1	0.000160085221289045	0.291813859561176	0.136	0.282	1
Aff1	0.000160354666682718	0.280566538525061	0.14	0.285	1
Lcp1	0.000161496402426646	0.909005387321111	0.357	0.297	1
Kras	0.000165592542619072	0.365742303174976	0.172	0.336	1
Tmed5	0.000166130246636475	0.468224445705028	0.181	0.354	1
Ewsr1	0.000186204802491798	0.279392929059908	0.258	0.475	1
Slc6a8	0.00022903800302926	0.344649753752995	0.199	0.373	1
Ddx6	0.000286808080365168	0.291551285135332	0.29	0.522	1
Pfkp	0.000294137826437313	0.293838636220759	0.14	0.284	1
Kctd12	0.000305244394418982	1.21168339670942	0.317	0.272	1
Ypel3	0.000351466741976916	0.488270047531072	0.186	0.356	1
Zfp131	0.000372048089941467	0.323968561690821	0.14	0.274	1
Tnfrsf1b	0.000384595702372052	1.12541314320418	0.321	0.275	1
Nfkb1	0.000412244625083887	0.256540200489932	0.394	0.671	1
Atp2b1	0.000415556409265354	0.404086700425592	0.19	0.35	1
Vps37b	0.000428965146579017	0.360152004960807	0.181	0.343	1
Rbm5	0.000454573084082234	0.268475246263527	0.172	0.318	1
Ggnbp2	0.000455947542679915	0.261301566288615	0.163	0.315	1
Strn4	0.000507070968553605	0.44679535897317	0.14	0.274	1
Txnrd1	0.000509155278298628	0.405566727037185	0.326	0.584	1
Itpr3	0.000562126701877085	0.484697033455907	0.127	0.26	1
Ptpn12	0.000565097472110947	0.405372288429543	0.19	0.362	1
Zswim8	0.000569197628817456	0.261178392977222	0.181	0.338	1
Vegfa	0.000605504440038461	0.404064698652998	0.317	0.555	1
Myo9b	0.000646498574373884	0.396355215995182	0.14	0.275	1
Fam49b	0.000654032306072247	0.271729523042522	0.145	0.278	1
Lasp1	0.000760120538812207	0.364931498158649	0.258	0.469	1
Gdpd3	0.00077103291860987	1.13689025652633	0.29	0.242	1
Lcn2	0.000771154230000323	-0.919184759980975	0.299	0.425	1
Gm14005	0.000772267417117981	0.35775245694923	0.154	0.289	1
Kdm2a	0.000814268356998368	0.4924126315899	0.131	0.255	1
Mdm2	0.000818439736051329	0.486966484220521	0.312	0.552	1
Xist	0.000823866669053382	0.44998685872658	0.348	0.62	1
Ppp1r18	0.000847575736947511	0.479853218868279	0.199	0.368	1
Nxf1	0.000860631632125056	0.414638121026809	0.208	0.382	1
Rab8b	0.000911500677541095	0.466041944226403	0.154	0.294	1
Sra1	0.000939269718150297	0.693054478494989	0.14	0.269	1
Znrf1	0.00107876185280169	0.370755588569047	0.204	0.365	1
Flot1	0.00111052665740655	0.473054865803277	0.136	0.26	1
Whsc1l1	0.00115247462036982	0.41392503380431	0.176	0.319	1
Smndc1	0.0011543547826127	0.643614118108997	0.14	0.265	1
Tnk2	0.00134403976241423	0.303446360122921	0.145	0.268	1
Sbno2	0.0013822552413379	0.555883771760609	0.249	0.436	1
Cpeb4	0.0013888293802859	0.507561440829937	0.167	0.307	1
Atf3	0.00143036415493312	0.29728392155032	0.258	0.437	1
Ifrd1	0.00154586171176123	0.437174011530774	0.434	0.721	1
Sod2	0.00160313661101079	0.853999908482683	0.217	0.398	1
Nfat5	0.00160656293653109	0.491881850050022	0.235	0.411	1
Csf1	0.00163329954779642	0.311443454482018	0.176	0.32	1
Prpf38b	0.00172595671665887	0.393547166285376	0.145	0.268	1
Hilpda	0.00175409495668437	0.544402724993318	0.19	0.344	1
Mgea5	0.00181806712774504	0.388844729550083	0.204	0.365	1
Rsrc2	0.00192679821187634	0.461870059156282	0.176	0.322	1
Plk3	0.0019407291135126	1.05236140329533	0.398	0.408	1
Cnppd1	0.00200623968601489	0.427596656858513	0.176	0.315	1
Nab1	0.00202124695175745	0.526342526630471	0.19	0.336	1
Rap1b	0.00203652895867379	0.340584525918783	0.416	0.701	1
Cited2	0.00207098118797306	0.465027829171239	0.145	0.267	1
Pde4b	0.00218521770496341	1.0847691202284	0.407	0.424	1
Etv3	0.0022992981852697	0.291005794246783	0.145	0.258	1
Arih2	0.00247467470350533	0.502684155582405	0.145	0.268	1
Zc3h12a	0.00252608468822163	0.47681804940389	0.217	0.376	1
Cmip	0.00287035600972733	0.402796220387928	0.204	0.352	1
Npepps	0.00317430942747718	0.411492811838678	0.154	0.274	1
Acp5	0.00328102665619963	0.355306496485823	0.186	0.305	1
Ier5	0.00329007047917626	0.449651438511406	0.367	0.626	1
Sik3	0.00338468238358646	0.313992736331633	0.154	0.275	1
Clk4	0.00413858991586811	0.278002063094547	0.149	0.262	1
Socs3	0.00440641565365646	0.433875165632443	0.308	0.507	1
Emilin2	0.00446198539663694	1.092255888112	0.299	0.265	1
Hk2	0.00449162674533398	0.464495074583837	0.244	0.403	1
Jmjd1c	0.00464757018965061	0.405543314374245	0.222	0.381	1
Erdr1	0.00480851467714352	0.611061985167153	0.353	0.611	1
Kdm6b	0.00481618070429027	1.00280992576929	0.493	0.614	1
Cpsf6	0.0050614315579346	0.377501616903595	0.149	0.26	1
Gramd1a	0.00527640176747074	0.550874613824119	0.213	0.369	1
Trib1	0.00557449925271328	0.776757503449783	0.276	0.469	1
Fus	0.00590217808162181	0.458659649693578	0.29	0.487	1
Rbm25	0.00630479325915268	0.569757134371566	0.195	0.33	1
Spag9	0.00642926048043254	0.433821230050753	0.271	0.452	1
Krt14	0.00650299870975581	-0.795848604598385	0.181	0.269	1
Ninj1	0.00679696469252283	0.923839451255828	0.43	0.463	1
Wsb1	0.00694329423804899	0.539596145918294	0.312	0.522	1
Eif5	0.00701918424947317	0.500081072541493	0.353	0.611	1
Slc6a6	0.00822304682723179	0.397626324745765	0.222	0.37	1
Slc38a2	0.00854019337005114	0.369547786217683	0.407	0.673	1
Abl2	0.00869080554917973	0.39198372210884	0.19	0.317	1
Sbno1	0.0107894363612001	0.323868948594464	0.176	0.295	1
Phldb1	0.011334791003795	0.474237409282382	0.172	0.286	1
Smox	0.0114659952918242	0.887681442586739	0.462	0.509	1
Relb	0.0122195664767909	0.474364235907189	0.181	0.298	1
Fam107b	0.0124486216369526	0.638890047320717	0.231	0.382	1
Ptpn23	0.0129208235402979	0.40791052763793	0.253	0.416	1
Fxyd5	0.012968898670731	0.592334392582719	0.303	0.511	1
Gabarap	0.0130460008579701	0.401904991477503	0.434	0.76	1
Csrnp1	0.0133813430033228	0.329196802451727	0.317	0.526	1
Ap3d1	0.0138648468167063	0.531213549735648	0.186	0.31	1
Srrm2	0.0165055147254926	0.442607094366346	0.267	0.434	1
Rabgef1	0.0172686753949436	0.587031374549703	0.172	0.284	1
Nfkb2	0.0176646851837363	0.420580851205026	0.244	0.394	1
Rhbdf2	0.0186355265862128	0.548067832123516	0.181	0.3	1
Maff	0.0190537603010898	0.557579128018508	0.303	0.486	1
Ivns1abp	0.0203227742003774	0.550551567833527	0.262	0.426	1
Slc20a1	0.0208938890741309	0.659475205664882	0.353	0.569	1
Dvl1	0.021275076733942	0.291906728924536	0.163	0.26	1
Mcl1	0.0228206086659465	0.862600328130048	0.561	0.716	1
Rhog	0.0240484287423066	0.581065068063226	0.258	0.416	1
Hnrnpdl	0.0246569035647219	0.430970550179217	0.299	0.487	1
Col7a1	0.0247642998885133	0.263311092958824	0.213	0.32	1
Btg2	0.024838338698068	1.01983368378298	0.348	0.37	1
Itga5	0.0251800947947465	0.623566935262762	0.163	0.261	1
Ptbp3	0.0253229381536634	0.484298603958995	0.29	0.469	1
Celf1	0.0259015768499338	0.510670886312481	0.222	0.356	1
Marcks	0.0305717553662501	0.939505592976282	0.489	0.597	1
Egr1	0.0317151489055199	0.327690391549843	0.271	0.408	1
Tnfaip2	0.0355544329110388	1.10321999690905	0.303	0.297	1
Mafg	0.037443747906799	0.474068244499368	0.181	0.286	1
Dgka	0.0377714225038111	0.800168495011359	0.167	0.264	1
Atp6v0b	0.0387215695763238	0.450801547092808	0.376	0.606	1
Nktr	0.0397046665276549	0.633544345607685	0.163	0.257	1
Msrb1	0.0398374869008387	0.850280535013419	0.204	0.332	1
Nufip2	0.0403133283605045	0.437273629989648	0.231	0.359	1
Icam1	0.0411848257699987	1.66259827286208	0.303	0.314	1
Cd24a	0.0447529244454799	1.03334171330177	0.344	0.36	1
Son	0.0495808433089025	0.460916623021221	0.33	0.536	1
Dusp1	0.0551274615039188	0.391088725607877	0.367	0.556	1
Adgre5	0.0596232308729812	0.875107682608584	0.19	0.293	1
Vasp	0.0665138693770791	1.06334745817219	0.421	0.517	1
Plaur	0.0704694801186382	0.957567599342147	0.471	0.586	1
Tcirg1	0.0736852912896513	0.552838252303181	0.208	0.303	1
Litaf	0.0767092459721058	0.482210103591169	0.43	0.68	1
Fnip1	0.0796086771726257	0.57866742113377	0.249	0.369	1
Cd9	0.0855149386271987	0.287358882173662	0.48	0.699	1
Zc3h7a	0.086434954285683	0.450234976037936	0.19	0.282	1
Kmt2e	0.0890175363633721	0.40576920908966	0.199	0.29	1
Rgs2	0.10150366943322	0.44820531271774	0.213	0.305	1
Srsf5	0.114961157717417	0.570768303235227	0.412	0.653	1
Rab7	0.11518099689325	0.801774641154888	0.389	0.635	1
Ets2	0.134699464765137	0.866619528323293	0.412	0.508	1
Srsf11	0.135843105622807	0.507981197349012	0.308	0.465	1
Ier3	0.15138689878869	0.340932242340514	0.706	0.789	1
Ccnl2	0.162472023607203	0.638506311655146	0.353	0.537	1
Junb	0.166811239967129	0.327642329558452	0.665	0.815	1
Rsrp1	0.176411961365808	0.59548914441835	0.348	0.519	1
Cebpb	0.188255660502296	0.50696101578179	0.615	0.786	1
Tnip1	0.201678661820201	0.953483162136071	0.249	0.254	1
Erbb2ip	0.212705291930431	0.685514604965287	0.235	0.336	1
Cdkn1a	0.22022378110021	0.472105706477759	0.443	0.661	1
Cflar	0.229708300519248	0.566356095117685	0.217	0.305	1
Tgm2	0.240342675276744	0.957018167037429	0.308	0.345	1
Gadd45a	0.255581783821514	1.1518434677251	0.253	0.267	1
Basp1	0.261999677143719	0.656269439800331	0.394	0.574	1
Tgif1	0.286102198451679	0.777781892972594	0.398	0.499	1
Pnrc1	0.334556050981093	0.710082978993798	0.376	0.552	1
Cox17	0.346972224715546	1.03991354970837	0.235	0.328	1
Bcl2l11	0.351241352401083	0.852693457075032	0.199	0.274	1
Neat1	0.361453066352666	1.02608304016844	0.394	0.488	1
Jak2	0.379484673128062	0.633867759439854	0.208	0.271	1
Skil	0.389478633546996	0.826046738870296	0.362	0.448	1
Mapkapk2	0.418997606085254	0.757930448335737	0.416	0.556	1
Zfp36	0.419418292242631	0.40547603773482	0.457	0.632	1
Prkcd	0.482454966959384	0.653448927341727	0.348	0.507	1
Pdlim7	0.521245381029838	0.511386246324601	0.348	0.478	1
Tpd52	0.578686148468871	0.932550238237968	0.217	0.284	1
Slpi	0.590874488486419	0.31210431670675	0.249	0.295	1
Ppp1r15a	0.604343147758311	0.776433280494655	0.434	0.594	1
X1110007C09Rik	0.636211381153469	1.04682248251777	0.231	0.306	1
Tra2a	0.639243417551946	0.717381274490733	0.362	0.517	1
Rbm39	0.650257146379109	0.618961302774629	0.412	0.6	1
Atp11b	0.709129452663138	0.851327578880884	0.226	0.255	1
Clk1	0.71783991643224	0.790322647991515	0.326	0.416	1
Btg1	0.916015209907233	0.678569631309523	0.38	0.513	1
Sf3b1	0.970759498887516	0.692333007901395	0.434	0.647	1
Mir22hg	0.992612938183907	0.875467019332008	0.285	0.368	1
